X,CH1,CH2,Start,Increment,
Sequence,Volt,Volt,-4.520000e-06,2.000000e-09
0,-4.00e-03,1.68e+01,
1,-4.00e-03,1.68e+01,
2,-4.00e-03,1.68e+01,
3,-4.00e-03,1.68e+01,
4,-4.00e-03,1.68e+01,
5,-4.00e-03,1.68e+01,
6,-4.00e-03,1.68e+01,
7,-4.00e-03,1.60e+01,
8,-4.00e-03,1.68e+01,
9,-4.00e-03,1.68e+01,
10,-4.00e-03,1.68e+01,
11,-4.00e-03,1.60e+01,
12,-1.20e-02,1.68e+01,
13,-4.00e-03,1.60e+01,
14,-4.00e-03,1.68e+01,
15,-4.00e-03,1.60e+01,
16,-4.00e-03,1.60e+01,
17,-4.00e-03,1.60e+01,
18,-4.00e-03,1.68e+01,
19,-4.00e-03,1.60e+01,
20,-4.00e-03,1.68e+01,
21,-4.00e-03,1.60e+01,
22,-4.00e-03,1.68e+01,
23,-4.00e-03,1.60e+01,
24,-4.00e-03,1.60e+01,
25,-4.00e-03,1.60e+01,
26,-4.00e-03,1.68e+01,
27,-4.00e-03,1.60e+01,
28,-4.00e-03,1.68e+01,
29,-4.00e-03,1.60e+01,
30,-4.00e-03,1.68e+01,
31,-4.00e-03,1.60e+01,
32,-4.00e-03,1.60e+01,
33,-4.00e-03,1.60e+01,
34,-4.00e-03,1.60e+01,
35,-1.20e-02,1.60e+01,
36,-4.00e-03,1.60e+01,
37,-4.00e-03,1.60e+01,
38,-4.00e-03,1.68e+01,
39,-4.00e-03,1.60e+01,
40,-4.00e-03,1.60e+01,
41,-4.00e-03,1.60e+01,
42,-4.00e-03,1.60e+01,
43,-4.00e-03,1.60e+01,
44,-4.00e-03,1.60e+01,
45,-1.20e-02,1.60e+01,
46,-4.00e-03,1.68e+01,
47,-4.00e-03,1.60e+01,
48,-4.00e-03,1.60e+01,
49,-4.00e-03,1.60e+01,
50,-4.00e-03,1.60e+01,
51,-4.00e-03,1.60e+01,
52,-4.00e-03,1.68e+01,
53,-4.00e-03,1.60e+01,
54,-4.00e-03,1.68e+01,
55,-4.00e-03,1.60e+01,
56,-4.00e-03,1.60e+01,
57,-4.00e-03,1.60e+01,
58,-4.00e-03,1.68e+01,
59,-4.00e-03,1.60e+01,
60,-4.00e-03,1.68e+01,
61,-4.00e-03,1.60e+01,
62,-4.00e-03,1.68e+01,
63,-4.00e-03,1.68e+01,
64,-4.00e-03,1.60e+01,
65,-4.00e-03,1.68e+01,
66,-4.00e-03,1.68e+01,
67,-4.00e-03,1.60e+01,
68,-4.00e-03,1.68e+01,
69,-4.00e-03,1.60e+01,
70,-4.00e-03,1.68e+01,
71,-4.00e-03,1.60e+01,
72,-4.00e-03,1.68e+01,
73,-4.00e-03,1.68e+01,
74,-4.00e-03,1.68e+01,
75,-4.00e-03,1.60e+01,
76,-4.00e-03,1.68e+01,
77,-4.00e-03,1.60e+01,
78,-4.00e-03,1.68e+01,
79,-4.00e-03,1.68e+01,
80,-4.00e-03,1.68e+01,
81,-4.00e-03,1.68e+01,
82,-4.00e-03,1.68e+01,
83,-4.00e-03,1.68e+01,
84,-4.00e-03,1.68e+01,
85,-4.00e-03,1.68e+01,
86,-4.00e-03,1.68e+01,
87,-4.00e-03,1.68e+01,
88,-4.00e-03,1.68e+01,
89,-4.00e-03,1.68e+01,
90,-4.00e-03,1.68e+01,
91,-4.00e-03,1.68e+01,
92,-4.00e-03,1.68e+01,
93,-4.00e-03,1.68e+01,
94,-4.00e-03,1.68e+01,
95,-4.00e-03,1.68e+01,
96,-4.00e-03,1.68e+01,
97,-4.00e-03,1.68e+01,
98,-4.00e-03,1.76e+01,
99,-4.00e-03,1.68e+01,
100,-4.00e-03,1.76e+01,
101,-4.00e-03,1.68e+01,
102,-4.00e-03,1.76e+01,
103,-4.00e-03,1.68e+01,
104,-4.00e-03,1.68e+01,
105,-4.00e-03,1.76e+01,
106,-4.00e-03,1.76e+01,
107,-4.00e-03,1.68e+01,
108,-4.00e-03,1.76e+01,
109,-4.00e-03,1.68e+01,
110,-4.00e-03,1.76e+01,
111,-4.00e-03,1.76e+01,
112,-4.00e-03,1.76e+01,
113,-4.00e-03,1.76e+01,
114,-4.00e-03,1.76e+01,
115,-4.00e-03,1.76e+01,
116,-1.20e-02,1.76e+01,
117,-4.00e-03,1.76e+01,
118,-4.00e-03,1.76e+01,
119,-4.00e-03,1.76e+01,
120,-4.00e-03,1.76e+01,
121,-4.00e-03,1.76e+01,
122,-4.00e-03,1.76e+01,
123,-4.00e-03,1.76e+01,
124,-4.00e-03,1.76e+01,
125,-4.00e-03,1.76e+01,
126,-4.00e-03,1.84e+01,
127,-4.00e-03,1.76e+01,
128,-4.00e-03,1.76e+01,
129,-4.00e-03,1.76e+01,
130,-4.00e-03,1.84e+01,
131,-4.00e-03,1.76e+01,
132,-4.00e-03,1.84e+01,
133,-4.00e-03,1.84e+01,
134,-4.00e-03,1.84e+01,
135,-4.00e-03,1.76e+01,
136,-4.00e-03,1.84e+01,
137,-4.00e-03,1.84e+01,
138,-4.00e-03,1.84e+01,
139,-1.20e-02,1.84e+01,
140,-4.00e-03,1.84e+01,
141,-4.00e-03,1.84e+01,
142,-4.00e-03,1.84e+01,
143,-4.00e-03,1.84e+01,
144,-4.00e-03,1.84e+01,
145,-4.00e-03,1.84e+01,
146,-4.00e-03,1.84e+01,
147,-4.00e-03,1.84e+01,
148,-1.20e-02,1.84e+01,
149,-4.00e-03,1.84e+01,
150,-4.00e-03,1.84e+01,
151,-4.00e-03,1.84e+01,
152,-4.00e-03,1.84e+01,
153,-4.00e-03,1.84e+01,
154,-4.00e-03,1.84e+01,
155,-4.00e-03,1.84e+01,
156,-4.00e-03,1.84e+01,
157,-4.00e-03,1.84e+01,
158,-4.00e-03,1.84e+01,
159,-4.00e-03,1.84e+01,
160,-4.00e-03,1.84e+01,
161,-4.00e-03,1.84e+01,
162,-4.00e-03,1.84e+01,
163,-1.20e-02,1.84e+01,
164,-4.00e-03,1.84e+01,
165,-4.00e-03,1.84e+01,
166,-4.00e-03,1.84e+01,
167,-4.00e-03,1.84e+01,
168,-4.00e-03,2.00e+01,
169,-1.20e-02,1.84e+01,
170,-4.00e-03,2.00e+01,
171,-4.00e-03,1.84e+01,
172,-4.00e-03,2.00e+01,
173,-4.00e-03,1.84e+01,
174,-4.00e-03,2.00e+01,
175,-4.00e-03,1.84e+01,
176,-4.00e-03,2.00e+01,
177,-4.00e-03,1.84e+01,
178,-4.00e-03,2.00e+01,
179,-4.00e-03,1.84e+01,
180,-4.00e-03,2.00e+01,
181,-4.00e-03,1.84e+01,
182,-1.20e-02,2.00e+01,
183,-4.00e-03,2.00e+01,
184,-4.00e-03,2.00e+01,
185,-4.00e-03,2.00e+01,
186,-4.00e-03,2.00e+01,
187,-1.20e-02,1.84e+01,
188,-4.00e-03,2.00e+01,
189,-4.00e-03,1.84e+01,
190,-4.00e-03,2.00e+01,
191,-4.00e-03,1.84e+01,
192,-4.00e-03,2.00e+01,
193,-4.00e-03,2.00e+01,
194,-4.00e-03,2.00e+01,
195,-4.00e-03,1.84e+01,
196,-4.00e-03,2.00e+01,
197,-4.00e-03,1.84e+01,
198,-4.00e-03,2.00e+01,
199,-4.00e-03,1.84e+01,
200,-4.00e-03,2.00e+01,
201,-4.00e-03,1.84e+01,
202,-4.00e-03,2.00e+01,
203,-4.00e-03,1.84e+01,
204,-1.20e-02,2.00e+01,
205,-4.00e-03,1.84e+01,
206,-4.00e-03,2.00e+01,
207,-4.00e-03,1.84e+01,
208,-4.00e-03,2.00e+01,
209,-4.00e-03,1.84e+01,
210,-4.00e-03,2.00e+01,
211,-4.00e-03,1.84e+01,
212,-4.00e-03,1.84e+01,
213,-4.00e-03,1.84e+01,
214,-4.00e-03,1.84e+01,
215,-4.00e-03,1.84e+01,
216,-4.00e-03,1.84e+01,
217,-4.00e-03,1.84e+01,
218,-4.00e-03,2.00e+01,
219,-4.00e-03,1.84e+01,
220,-1.20e-02,1.84e+01,
221,-4.00e-03,1.84e+01,
222,-4.00e-03,1.84e+01,
223,-4.00e-03,1.84e+01,
224,-4.00e-03,1.84e+01,
225,-4.00e-03,1.84e+01,
226,-4.00e-03,1.84e+01,
227,-4.00e-03,1.84e+01,
228,-4.00e-03,1.84e+01,
229,-4.00e-03,1.84e+01,
230,-4.00e-03,1.84e+01,
231,-4.00e-03,1.84e+01,
232,-4.00e-03,1.84e+01,
233,-4.00e-03,1.84e+01,
234,-4.00e-03,1.84e+01,
235,-4.00e-03,1.84e+01,
236,-4.00e-03,1.84e+01,
237,-4.00e-03,1.84e+01,
238,-4.00e-03,1.84e+01,
239,-4.00e-03,1.84e+01,
240,-1.20e-02,1.84e+01,
241,-4.00e-03,1.84e+01,
242,-4.00e-03,1.84e+01,
243,-4.00e-03,1.84e+01,
244,-4.00e-03,1.84e+01,
245,-4.00e-03,1.84e+01,
246,-4.00e-03,1.84e+01,
247,-4.00e-03,1.76e+01,
248,-4.00e-03,1.84e+01,
249,-4.00e-03,1.76e+01,
250,-4.00e-03,1.84e+01,
251,-1.20e-02,1.76e+01,
252,-4.00e-03,1.84e+01,
253,-1.20e-02,1.76e+01,
254,-4.00e-03,1.76e+01,
255,-4.00e-03,1.76e+01,
256,-4.00e-03,1.76e+01,
257,-4.00e-03,1.76e+01,
258,-4.00e-03,1.76e+01,
259,-4.00e-03,1.76e+01,
260,-4.00e-03,1.76e+01,
261,-4.00e-03,1.76e+01,
262,-1.20e-02,1.76e+01,
263,-4.00e-03,1.76e+01,
264,-4.00e-03,1.76e+01,
265,-4.00e-03,1.76e+01,
266,-4.00e-03,1.76e+01,
267,-4.00e-03,1.76e+01,
268,-4.00e-03,1.76e+01,
269,-4.00e-03,1.76e+01,
270,-4.00e-03,1.76e+01,
271,-4.00e-03,1.76e+01,
272,-4.00e-03,1.76e+01,
273,-4.00e-03,1.76e+01,
274,-4.00e-03,1.76e+01,
275,-1.20e-02,1.68e+01,
276,-4.00e-03,1.76e+01,
277,-4.00e-03,1.68e+01,
278,-1.20e-02,1.76e+01,
279,-4.00e-03,1.76e+01,
280,-4.00e-03,1.68e+01,
281,-4.00e-03,1.76e+01,
282,-4.00e-03,1.68e+01,
283,-4.00e-03,1.68e+01,
284,-4.00e-03,1.68e+01,
285,-4.00e-03,1.68e+01,
286,-4.00e-03,1.76e+01,
287,-4.00e-03,1.68e+01,
288,-4.00e-03,1.68e+01,
289,-4.00e-03,1.68e+01,
290,-4.00e-03,1.68e+01,
291,-4.00e-03,1.68e+01,
292,-4.00e-03,1.68e+01,
293,-4.00e-03,1.68e+01,
294,-4.00e-03,1.68e+01,
295,-4.00e-03,1.68e+01,
296,-4.00e-03,1.68e+01,
297,-4.00e-03,1.68e+01,
298,-4.00e-03,1.68e+01,
299,-4.00e-03,1.68e+01,
300,-1.20e-02,1.68e+01,
301,-4.00e-03,1.68e+01,
302,-4.00e-03,1.68e+01,
303,-4.00e-03,1.68e+01,
304,-4.00e-03,1.68e+01,
305,-4.00e-03,1.68e+01,
306,-4.00e-03,1.68e+01,
307,-4.00e-03,1.60e+01,
308,-4.00e-03,1.68e+01,
309,-4.00e-03,1.68e+01,
310,-4.00e-03,1.68e+01,
311,-4.00e-03,1.68e+01,
312,-4.00e-03,1.68e+01,
313,-4.00e-03,1.68e+01,
314,-4.00e-03,1.68e+01,
315,-4.00e-03,1.68e+01,
316,-4.00e-03,1.68e+01,
317,-4.00e-03,1.68e+01,
318,-4.00e-03,1.68e+01,
319,-4.00e-03,1.60e+01,
320,-4.00e-03,1.68e+01,
321,-4.00e-03,1.60e+01,
322,-4.00e-03,1.68e+01,
323,-4.00e-03,1.68e+01,
324,-4.00e-03,1.68e+01,
325,-4.00e-03,1.60e+01,
326,-4.00e-03,1.68e+01,
327,-4.00e-03,1.60e+01,
328,-4.00e-03,1.68e+01,
329,1.20e-02,1.60e+01,
330,2.00e-02,1.68e+01,
331,2.00e-02,1.60e+01,
332,2.80e-02,1.68e+01,
333,4.40e-02,1.68e+01,
334,4.40e-02,1.68e+01,
335,3.60e-02,1.60e+01,
336,2.80e-02,1.68e+01,
337,2.80e-02,1.60e+01,
338,2.80e-02,1.68e+01,
339,2.00e-02,1.60e+01,
340,2.00e-02,1.68e+01,
341,2.80e-02,1.60e+01,
342,2.80e-02,1.68e+01,
343,2.80e-02,1.68e+01,
344,2.80e-02,1.68e+01,
345,2.80e-02,1.68e+01,
346,3.60e-02,1.68e+01,
347,3.60e-02,1.68e+01,
348,3.60e-02,1.68e+01,
349,3.60e-02,1.68e+01,
350,3.60e-02,1.68e+01,
351,2.80e-02,1.68e+01,
352,1.20e-02,1.68e+01,
353,4.00e-03,1.68e+01,
354,4.00e-03,1.68e+01,
355,4.00e-03,1.68e+01,
356,4.00e-03,1.68e+01,
357,2.00e-02,1.68e+01,
358,6.00e-02,1.60e+01,
359,1.08e-01,1.36e+01,
360,1.08e-01,1.20e+01,
361,1.00e-01,9.60e+00,
362,1.00e-01,8.00e+00,
363,7.60e-02,5.60e+00,
364,2.00e-02,4.80e+00,
365,-6.00e-02,4.00e+00,
366,-1.24e-01,3.20e+00,
367,-1.64e-01,2.40e+00,
368,-1.40e-01,3.20e+00,
369,-8.40e-02,2.40e+00,
370,-4.00e-03,3.20e+00,
371,7.60e-02,2.40e+00,
372,1.32e-01,3.20e+00,
373,1.72e-01,2.40e+00,
374,1.64e-01,2.40e+00,
375,1.24e-01,1.60e+00,
376,6.80e-02,1.60e+00,
377,-4.00e-03,8.00e-01,
378,-7.60e-02,8.00e-01,
379,-1.16e-01,-1.52e-04,
380,-1.16e-01,-1.52e-04,
381,-8.40e-02,-1.52e-04,
382,-2.00e-02,-1.52e-04,
383,5.20e-02,-1.52e-04,
384,1.08e-01,-1.52e-04,
385,1.32e-01,-1.52e-04,
386,1.32e-01,-1.52e-04,
387,1.08e-01,-8.00e-01,
388,6.00e-02,-1.52e-04,
389,-4.00e-03,-8.00e-01,
390,-6.00e-02,-8.00e-01,
391,-9.20e-02,-8.00e-01,
392,-9.20e-02,-8.00e-01,
393,-6.80e-02,-8.00e-01,
394,-1.20e-02,-8.00e-01,
395,4.40e-02,-8.00e-01,
396,8.40e-02,-1.52e-04,
397,1.16e-01,-1.52e-04,
398,1.16e-01,-1.52e-04,
399,9.20e-02,-8.00e-01,
400,6.00e-02,-1.52e-04,
401,1.20e-02,-8.00e-01,
402,-3.60e-02,-8.00e-01,
403,-6.80e-02,-8.00e-01,
404,-7.60e-02,-8.00e-01,
405,-5.20e-02,-8.00e-01,
406,-1.20e-02,-1.52e-04,
407,3.60e-02,-8.00e-01,
408,6.80e-02,-1.52e-04,
409,9.20e-02,-1.52e-04,
410,1.00e-01,-1.52e-04,
411,8.40e-02,-8.00e-01,
412,5.20e-02,-1.52e-04,
413,2.00e-02,-8.00e-01,
414,-2.00e-02,-8.00e-01,
415,-5.20e-02,-8.00e-01,
416,-6.00e-02,-8.00e-01,
417,-4.40e-02,-8.00e-01,
418,-1.20e-02,-1.52e-04,
419,2.80e-02,-8.00e-01,
420,6.00e-02,-1.52e-04,
421,8.40e-02,-1.52e-04,
422,9.20e-02,-1.52e-04,
423,8.40e-02,-8.00e-01,
424,5.20e-02,-8.00e-01,
425,2.00e-02,-8.00e-01,
426,-1.20e-02,-8.00e-01,
427,-3.60e-02,-8.00e-01,
428,-4.40e-02,-1.52e-04,
429,-2.80e-02,-8.00e-01,
430,-1.20e-02,-1.52e-04,
431,2.80e-02,-8.00e-01,
432,5.20e-02,-1.52e-04,
433,7.60e-02,-1.52e-04,
434,7.60e-02,-1.52e-04,
435,6.80e-02,-8.00e-01,
436,5.20e-02,-1.52e-04,
437,2.80e-02,-8.00e-01,
438,-4.00e-03,-1.52e-04,
439,-2.00e-02,-8.00e-01,
440,-2.80e-02,-8.00e-01,
441,-2.00e-02,-8.00e-01,
442,-4.00e-03,-1.52e-04,
443,2.00e-02,-8.00e-01,
444,4.40e-02,-1.52e-04,
445,6.80e-02,-1.52e-04,
446,6.80e-02,-1.52e-04,
447,6.80e-02,-8.00e-01,
448,5.20e-02,-1.52e-04,
449,2.80e-02,-8.00e-01,
450,4.00e-03,-1.52e-04,
451,-1.20e-02,-8.00e-01,
452,-2.00e-02,-8.00e-01,
453,-1.20e-02,-8.00e-01,
454,-4.00e-03,-8.00e-01,
455,2.00e-02,-8.00e-01,
456,4.40e-02,-1.52e-04,
457,6.00e-02,-8.00e-01,
458,6.80e-02,-1.52e-04,
459,6.00e-02,-8.00e-01,
460,5.20e-02,-1.52e-04,
461,3.60e-02,-8.00e-01,
462,1.20e-02,-1.52e-04,
463,4.00e-03,-8.00e-01,
464,-1.20e-02,-8.00e-01,
465,-4.00e-03,-8.00e-01,
466,4.00e-03,-1.52e-04,
467,2.00e-02,-8.00e-01,
468,3.60e-02,-1.52e-04,
469,5.20e-02,-8.00e-01,
470,6.00e-02,-1.52e-04,
471,6.00e-02,-8.00e-01,
472,5.20e-02,-1.52e-04,
473,3.60e-02,-1.52e-04,
474,2.00e-02,-1.52e-04,
475,4.00e-03,-8.00e-01,
476,-4.00e-03,-1.52e-04,
477,4.00e-03,-8.00e-01,
478,1.20e-02,-1.52e-04,
479,2.80e-02,-1.52e-04,
480,3.60e-02,-8.00e-01,
481,5.20e-02,-1.52e-04,
482,6.00e-02,-1.52e-04,
483,5.20e-02,-8.00e-01,
484,4.40e-02,-1.52e-04,
485,3.60e-02,-8.00e-01,
486,2.00e-02,-1.52e-04,
487,2.00e-02,-8.00e-01,
488,4.00e-03,-1.52e-04,
489,1.20e-02,-8.00e-01,
490,1.20e-02,-1.52e-04,
491,2.80e-02,-8.00e-01,
492,3.60e-02,-1.52e-04,
493,4.40e-02,-1.52e-04,
494,5.20e-02,-1.52e-04,
495,5.20e-02,-8.00e-01,
496,5.20e-02,-1.52e-04,
497,3.60e-02,-8.00e-01,
498,2.80e-02,-1.52e-04,
499,2.00e-02,-8.00e-01,
500,1.20e-02,-1.52e-04,
501,1.20e-02,-8.00e-01,
502,2.00e-02,-1.52e-04,
503,2.80e-02,-8.00e-01,
504,3.60e-02,-8.00e-01,
505,4.40e-02,-1.52e-04,
506,5.20e-02,-1.52e-04,
507,5.20e-02,-8.00e-01,
508,4.40e-02,-1.52e-04,
509,4.40e-02,-8.00e-01,
510,3.60e-02,-1.52e-04,
511,2.80e-02,-8.00e-01,
512,2.00e-02,-1.52e-04,
513,2.00e-02,-8.00e-01,
514,2.80e-02,-1.52e-04,
515,2.80e-02,-8.00e-01,
516,3.60e-02,-1.52e-04,
517,4.40e-02,-8.00e-01,
518,5.20e-02,-1.52e-04,
519,5.20e-02,-8.00e-01,
520,5.20e-02,-1.52e-04,
521,4.40e-02,-8.00e-01,
522,3.60e-02,-1.52e-04,
523,2.80e-02,-8.00e-01,
524,2.80e-02,-8.00e-01,
525,2.00e-02,-8.00e-01,
526,2.80e-02,-1.52e-04,
527,3.60e-02,-8.00e-01,
528,3.60e-02,-1.52e-04,
529,4.40e-02,-8.00e-01,
530,5.20e-02,-1.52e-04,
531,5.20e-02,-8.00e-01,
532,4.40e-02,-1.52e-04,
533,4.40e-02,-1.52e-04,
534,3.60e-02,-1.52e-04,
535,3.60e-02,-8.00e-01,
536,2.80e-02,-8.00e-01,
537,2.80e-02,-8.00e-01,
538,3.60e-02,-1.52e-04,
539,3.60e-02,-8.00e-01,
540,3.60e-02,-1.52e-04,
541,4.40e-02,-8.00e-01,
542,4.40e-02,-1.52e-04,
543,5.20e-02,-1.52e-04,
544,5.20e-02,-8.00e-01,
545,4.40e-02,-8.00e-01,
546,4.40e-02,-1.52e-04,
547,3.60e-02,-8.00e-01,
548,3.60e-02,-1.52e-04,
549,3.60e-02,-8.00e-01,
550,2.80e-02,-1.52e-04,
551,3.60e-02,-8.00e-01,
552,4.40e-02,-1.52e-04,
553,4.40e-02,-1.52e-04,
554,5.20e-02,-1.52e-04,
555,5.20e-02,-8.00e-01,
556,5.20e-02,-1.52e-04,
557,4.40e-02,-8.00e-01,
558,4.40e-02,-1.52e-04,
559,4.40e-02,-8.00e-01,
560,3.60e-02,-1.52e-04,
561,3.60e-02,-8.00e-01,
562,3.60e-02,-1.52e-04,
563,4.40e-02,-8.00e-01,
564,4.40e-02,-1.52e-04,
565,4.40e-02,-8.00e-01,
566,5.20e-02,-1.52e-04,
567,5.20e-02,-8.00e-01,
568,5.20e-02,-1.52e-04,
569,5.20e-02,-8.00e-01,
570,5.20e-02,-1.52e-04,
571,4.40e-02,-8.00e-01,
572,3.60e-02,-1.52e-04,
573,3.60e-02,-8.00e-01,
574,4.40e-02,-1.52e-04,
575,4.40e-02,-8.00e-01,
576,4.40e-02,-1.52e-04,
577,5.20e-02,-8.00e-01,
578,5.20e-02,-1.52e-04,
579,5.20e-02,-8.00e-01,
580,5.20e-02,-1.52e-04,
581,5.20e-02,-8.00e-01,
582,5.20e-02,-1.52e-04,
583,4.40e-02,-8.00e-01,
584,4.40e-02,-8.00e-01,
585,4.40e-02,-8.00e-01,
586,4.40e-02,-1.52e-04,
587,4.40e-02,-8.00e-01,
588,4.40e-02,-1.52e-04,
589,5.20e-02,-8.00e-01,
590,5.20e-02,-1.52e-04,
591,5.20e-02,-8.00e-01,
592,5.20e-02,-1.52e-04,
593,5.20e-02,-1.52e-04,
594,5.20e-02,-1.52e-04,
595,5.20e-02,-8.00e-01,
596,4.40e-02,-1.52e-04,
597,4.40e-02,-8.00e-01,
598,4.40e-02,-1.52e-04,
599,5.20e-02,-8.00e-01,
600,5.20e-02,-1.52e-04,
601,5.20e-02,-8.00e-01,
602,6.00e-02,-1.52e-04,
603,5.20e-02,-8.00e-01,
604,6.00e-02,-1.52e-04,
605,5.20e-02,-8.00e-01,
606,5.20e-02,-1.52e-04,
607,5.20e-02,-8.00e-01,
608,5.20e-02,-1.52e-04,
609,5.20e-02,-8.00e-01,
610,5.20e-02,-1.52e-04,
611,5.20e-02,-8.00e-01,
612,5.20e-02,-1.52e-04,
613,6.00e-02,-8.00e-01,
614,5.20e-02,-1.52e-04,
615,6.00e-02,-8.00e-01,
616,6.00e-02,-1.52e-04,
617,6.00e-02,-8.00e-01,
618,5.20e-02,-1.52e-04,
619,5.20e-02,-8.00e-01,
620,5.20e-02,-1.52e-04,
621,5.20e-02,-8.00e-01,
622,5.20e-02,-1.52e-04,
623,5.20e-02,-1.52e-04,
624,6.00e-02,-8.00e-01,
625,5.20e-02,-8.00e-01,
626,6.00e-02,-1.52e-04,
627,6.00e-02,-8.00e-01,
628,6.00e-02,-1.52e-04,
629,6.00e-02,-8.00e-01,
630,6.00e-02,-1.52e-04,
631,6.00e-02,-8.00e-01,
632,6.00e-02,-1.52e-04,
633,6.00e-02,-1.52e-04,
634,6.00e-02,-1.52e-04,
635,5.20e-02,-8.00e-01,
636,6.00e-02,-1.52e-04,
637,6.00e-02,-8.00e-01,
638,6.00e-02,-1.52e-04,
639,6.00e-02,-8.00e-01,
640,6.00e-02,-1.52e-04,
641,6.00e-02,-1.52e-04,
642,6.00e-02,-1.52e-04,
643,6.00e-02,-1.52e-04,
644,6.00e-02,-1.52e-04,
645,6.00e-02,-1.52e-04,
646,6.00e-02,-1.52e-04,
647,6.00e-02,-8.00e-01,
648,6.00e-02,-1.52e-04,
649,6.00e-02,-8.00e-01,
650,6.00e-02,-1.52e-04,
651,6.00e-02,-8.00e-01,
652,6.00e-02,-1.52e-04,
653,6.00e-02,-1.52e-04,
654,6.00e-02,-1.52e-04,
655,6.80e-02,-1.52e-04,
656,6.00e-02,-1.52e-04,
657,6.00e-02,-8.00e-01,
658,6.00e-02,-1.52e-04,
659,6.00e-02,-8.00e-01,
660,6.00e-02,-1.52e-04,
661,6.00e-02,-1.52e-04,
662,6.00e-02,-1.52e-04,
663,6.80e-02,-1.52e-04,
664,6.80e-02,-1.52e-04,
665,6.80e-02,-1.52e-04,
666,6.80e-02,-1.52e-04,
667,6.80e-02,-8.00e-01,
668,6.00e-02,-1.52e-04,
669,6.00e-02,-8.00e-01,
670,6.00e-02,-1.52e-04,
671,6.80e-02,-8.00e-01,
672,6.80e-02,-1.52e-04,
673,6.80e-02,-1.52e-04,
674,6.80e-02,-1.52e-04,
675,6.80e-02,-8.00e-01,
676,6.80e-02,8.00e-01,
677,6.80e-02,-8.00e-01,
678,6.80e-02,-1.52e-04,
679,6.80e-02,-1.52e-04,
680,6.80e-02,-8.00e-01,
681,6.80e-02,-1.52e-04,
682,6.80e-02,-1.52e-04,
683,6.80e-02,-1.52e-04,
684,6.80e-02,-1.52e-04,
685,6.80e-02,-8.00e-01,
686,6.80e-02,-1.52e-04,
687,6.80e-02,-8.00e-01,
688,6.80e-02,-1.52e-04,
689,6.80e-02,-8.00e-01,
690,6.80e-02,-1.52e-04,
691,6.80e-02,-8.00e-01,
692,6.80e-02,-1.52e-04,
693,6.80e-02,-1.52e-04,
694,6.80e-02,-1.52e-04,
695,6.80e-02,-8.00e-01,
696,6.80e-02,-1.52e-04,
697,6.80e-02,-8.00e-01,
698,7.60e-02,-1.52e-04,
699,6.80e-02,-8.00e-01,
700,6.80e-02,-1.52e-04,
701,7.60e-02,-8.00e-01,
702,7.60e-02,-1.52e-04,
703,7.60e-02,-1.52e-04,
704,6.80e-02,-8.00e-01,
705,6.80e-02,-1.52e-04,
706,7.60e-02,-1.52e-04,
707,7.60e-02,-8.00e-01,
708,6.80e-02,-1.52e-04,
709,7.60e-02,-8.00e-01,
710,7.60e-02,-1.52e-04,
711,7.60e-02,-8.00e-01,
712,7.60e-02,-1.52e-04,
713,7.60e-02,-1.52e-04,
714,7.60e-02,-1.52e-04,
715,7.60e-02,-8.00e-01,
716,7.60e-02,-1.52e-04,
717,7.60e-02,-1.52e-04,
718,7.60e-02,-1.52e-04,
719,7.60e-02,-8.00e-01,
720,7.60e-02,-1.52e-04,
721,7.60e-02,-1.52e-04,
722,7.60e-02,-1.52e-04,
723,7.60e-02,-8.00e-01,
724,7.60e-02,-1.52e-04,
725,7.60e-02,-1.52e-04,
726,7.60e-02,-1.52e-04,
727,7.60e-02,-8.00e-01,
728,7.60e-02,-1.52e-04,
729,7.60e-02,-1.52e-04,
730,7.60e-02,-1.52e-04,
731,7.60e-02,-8.00e-01,
732,7.60e-02,-1.52e-04,
733,7.60e-02,-1.52e-04,
734,7.60e-02,-1.52e-04,
735,7.60e-02,-1.52e-04,
736,7.60e-02,-1.52e-04,
737,8.40e-02,-1.52e-04,
738,7.60e-02,-1.52e-04,
739,7.60e-02,-8.00e-01,
740,7.60e-02,-1.52e-04,
741,7.60e-02,-8.00e-01,
742,7.60e-02,-1.52e-04,
743,7.60e-02,-1.52e-04,
744,8.40e-02,-1.52e-04,
745,7.60e-02,-1.52e-04,
746,8.40e-02,-1.52e-04,
747,8.40e-02,-8.00e-01,
748,8.40e-02,-1.52e-04,
749,8.40e-02,-8.00e-01,
750,8.40e-02,-1.52e-04,
751,8.40e-02,-8.00e-01,
752,8.40e-02,-1.52e-04,
753,8.40e-02,-1.52e-04,
754,8.40e-02,-1.52e-04,
755,8.40e-02,-8.00e-01,
756,8.40e-02,-1.52e-04,
757,8.40e-02,-1.52e-04,
758,8.40e-02,-1.52e-04,
759,8.40e-02,-8.00e-01,
760,8.40e-02,-1.52e-04,
761,8.40e-02,-1.52e-04,
762,8.40e-02,-1.52e-04,
763,8.40e-02,-1.52e-04,
764,8.40e-02,-1.52e-04,
765,8.40e-02,-1.52e-04,
766,8.40e-02,-1.52e-04,
767,8.40e-02,-8.00e-01,
768,8.40e-02,-1.52e-04,
769,8.40e-02,-1.52e-04,
770,8.40e-02,-1.52e-04,
771,8.40e-02,-8.00e-01,
772,8.40e-02,-1.52e-04,
773,8.40e-02,-1.52e-04,
774,8.40e-02,-1.52e-04,
775,8.40e-02,-8.00e-01,
776,8.40e-02,-1.52e-04,
777,8.40e-02,-1.52e-04,
778,8.40e-02,-1.52e-04,
779,8.40e-02,-8.00e-01,
780,8.40e-02,-1.52e-04,
781,8.40e-02,-1.52e-04,
782,8.40e-02,-1.52e-04,
783,9.20e-02,-1.52e-04,
784,8.40e-02,-1.52e-04,
785,8.40e-02,-1.52e-04,
786,8.40e-02,-1.52e-04,
787,9.20e-02,-8.00e-01,
788,9.20e-02,-1.52e-04,
789,9.20e-02,-8.00e-01,
790,8.40e-02,-1.52e-04,
791,9.20e-02,-8.00e-01,
792,9.20e-02,-1.52e-04,
793,9.20e-02,-1.52e-04,
794,9.20e-02,-1.52e-04,
795,9.20e-02,-8.00e-01,
796,9.20e-02,-1.52e-04,
797,9.20e-02,-1.52e-04,
798,9.20e-02,-1.52e-04,
799,9.20e-02,-8.00e-01,
800,9.20e-02,-1.52e-04,
801,9.20e-02,-1.52e-04,
802,9.20e-02,-1.52e-04,
803,9.20e-02,-1.52e-04,
804,9.20e-02,-1.52e-04,
805,9.20e-02,-1.52e-04,
806,9.20e-02,-1.52e-04,
807,9.20e-02,-8.00e-01,
808,9.20e-02,-1.52e-04,
809,9.20e-02,-8.00e-01,
810,9.20e-02,-1.52e-04,
811,9.20e-02,-8.00e-01,
812,9.20e-02,-1.52e-04,
813,9.20e-02,-1.52e-04,
814,9.20e-02,-1.52e-04,
815,9.20e-02,-1.52e-04,
816,9.20e-02,-1.52e-04,
817,9.20e-02,-1.52e-04,
818,9.20e-02,-1.52e-04,
819,9.20e-02,-8.00e-01,
820,9.20e-02,-1.52e-04,
821,9.20e-02,-1.52e-04,
822,1.00e-01,-1.52e-04,
823,1.00e-01,-1.52e-04,
824,1.00e-01,-1.52e-04,
825,9.20e-02,-8.00e-01,
826,9.20e-02,-1.52e-04,
827,9.20e-02,-8.00e-01,
828,1.00e-01,-1.52e-04,
829,1.00e-01,-8.00e-01,
830,1.00e-01,-1.52e-04,
831,1.00e-01,-8.00e-01,
832,1.00e-01,-1.52e-04,
833,1.00e-01,-1.52e-04,
834,1.00e-01,-1.52e-04,
835,1.00e-01,-8.00e-01,
836,1.00e-01,-1.52e-04,
837,1.00e-01,-1.52e-04,
838,1.00e-01,-1.52e-04,
839,1.00e-01,-8.00e-01,
840,1.00e-01,-1.52e-04,
841,1.00e-01,-1.52e-04,
842,1.00e-01,-1.52e-04,
843,1.00e-01,-1.52e-04,
844,1.00e-01,-1.52e-04,
845,1.00e-01,-1.52e-04,
846,1.00e-01,-1.52e-04,
847,1.00e-01,-8.00e-01,
848,1.00e-01,-1.52e-04,
849,1.00e-01,-1.52e-04,
850,1.00e-01,-1.52e-04,
851,1.00e-01,-8.00e-01,
852,1.00e-01,-1.52e-04,
853,1.00e-01,-1.52e-04,
854,1.00e-01,-1.52e-04,
855,1.00e-01,-1.52e-04,
856,1.00e-01,-1.52e-04,
857,1.00e-01,-8.00e-01,
858,1.00e-01,-1.52e-04,
859,1.00e-01,-8.00e-01,
860,1.00e-01,-1.52e-04,
861,1.08e-01,-8.00e-01,
862,1.00e-01,-1.52e-04,
863,1.00e-01,-1.52e-04,
864,1.00e-01,-1.52e-04,
865,1.00e-01,-1.52e-04,
866,1.00e-01,-1.52e-04,
867,1.08e-01,-8.00e-01,
868,1.08e-01,-1.52e-04,
869,1.08e-01,-8.00e-01,
870,1.00e-01,-1.52e-04,
871,1.08e-01,-8.00e-01,
872,1.08e-01,-1.52e-04,
873,1.08e-01,-1.52e-04,
874,1.08e-01,-1.52e-04,
875,1.08e-01,-8.00e-01,
876,1.00e-01,8.00e-01,
877,1.08e-01,-8.00e-01,
878,1.08e-01,-1.52e-04,
879,1.08e-01,-1.52e-04,
880,1.08e-01,-8.00e-01,
881,1.08e-01,-1.52e-04,
882,1.08e-01,-1.52e-04,
883,1.08e-01,-1.52e-04,
884,1.08e-01,-1.52e-04,
885,1.08e-01,-1.52e-04,
886,1.08e-01,-1.52e-04,
887,1.08e-01,-8.00e-01,
888,1.08e-01,-1.52e-04,
889,1.08e-01,-1.52e-04,
890,1.08e-01,-1.52e-04,
891,1.08e-01,-8.00e-01,
892,1.08e-01,-1.52e-04,
893,1.08e-01,-1.52e-04,
894,1.08e-01,-1.52e-04,
895,1.08e-01,-8.00e-01,
896,1.08e-01,-1.52e-04,
897,1.08e-01,-8.00e-01,
898,1.08e-01,-1.52e-04,
899,1.08e-01,-8.00e-01,
900,1.08e-01,-1.52e-04,
901,1.08e-01,-1.52e-04,
902,1.08e-01,-1.52e-04,
903,1.08e-01,-1.52e-04,
904,1.16e-01,-1.52e-04,
905,1.16e-01,-1.52e-04,
906,1.08e-01,-1.52e-04,
907,1.08e-01,-8.00e-01,
908,1.08e-01,-1.52e-04,
909,1.16e-01,-1.52e-04,
910,1.16e-01,-1.52e-04,
911,1.16e-01,-8.00e-01,
912,1.16e-01,-1.52e-04,
913,1.16e-01,-1.52e-04,
914,1.16e-01,-1.52e-04,
915,1.16e-01,-1.52e-04,
916,1.16e-01,-1.52e-04,
917,1.16e-01,-1.52e-04,
918,1.16e-01,-1.52e-04,
919,1.16e-01,-8.00e-01,
920,1.16e-01,-1.52e-04,
921,1.16e-01,-1.52e-04,
922,1.16e-01,-1.52e-04,
923,1.16e-01,-1.52e-04,
924,1.16e-01,-1.52e-04,
925,1.16e-01,-1.52e-04,
926,1.16e-01,-1.52e-04,
927,1.16e-01,-8.00e-01,
928,1.16e-01,-1.52e-04,
929,1.16e-01,-1.52e-04,
930,1.16e-01,-1.52e-04,
931,1.16e-01,-1.52e-04,
932,1.16e-01,-1.52e-04,
933,1.16e-01,-1.52e-04,
934,1.16e-01,-1.52e-04,
935,1.16e-01,-1.52e-04,
936,1.16e-01,-1.52e-04,
937,1.16e-01,-1.52e-04,
938,1.16e-01,-1.52e-04,
939,1.16e-01,-8.00e-01,
940,1.16e-01,-1.52e-04,
941,1.16e-01,-1.52e-04,
942,1.16e-01,-1.52e-04,
943,1.16e-01,-1.52e-04,
944,1.24e-01,-1.52e-04,
945,1.16e-01,-1.52e-04,
946,1.24e-01,-1.52e-04,
947,1.24e-01,-8.00e-01,
948,1.16e-01,-1.52e-04,
949,1.24e-01,-1.52e-04,
950,1.16e-01,-1.52e-04,
951,1.24e-01,-1.52e-04,
952,1.24e-01,-1.52e-04,
953,1.24e-01,-1.52e-04,
954,1.24e-01,-1.52e-04,
955,1.24e-01,-1.52e-04,
956,1.24e-01,-1.52e-04,
957,1.24e-01,-1.52e-04,
958,1.24e-01,-1.52e-04,
959,1.24e-01,-8.00e-01,
960,1.24e-01,-1.52e-04,
961,1.24e-01,-1.52e-04,
962,1.24e-01,-1.52e-04,
963,1.24e-01,-1.52e-04,
964,1.24e-01,-1.52e-04,
965,1.24e-01,-1.52e-04,
966,1.24e-01,-1.52e-04,
967,1.24e-01,-8.00e-01,
968,1.24e-01,-1.52e-04,
969,1.24e-01,-1.52e-04,
970,1.24e-01,-1.52e-04,
971,1.24e-01,-1.52e-04,
972,1.24e-01,-1.52e-04,
973,1.24e-01,-1.52e-04,
974,1.24e-01,-1.52e-04,
975,1.24e-01,-1.52e-04,
976,1.24e-01,-1.52e-04,
977,1.24e-01,-1.52e-04,
978,1.24e-01,-1.52e-04,
979,1.24e-01,-8.00e-01,
980,1.24e-01,-1.52e-04,
981,1.24e-01,-1.52e-04,
982,1.24e-01,-1.52e-04,
983,1.24e-01,-1.52e-04,
984,1.32e-01,-1.52e-04,
985,1.24e-01,-1.52e-04,
986,1.24e-01,-1.52e-04,
987,1.24e-01,-8.00e-01,
988,1.24e-01,-1.52e-04,
989,1.24e-01,-1.52e-04,
990,1.24e-01,-1.52e-04,
991,1.32e-01,-1.52e-04,
992,1.32e-01,-1.52e-04,
993,1.32e-01,-1.52e-04,
994,1.32e-01,-1.52e-04,
995,1.32e-01,-1.52e-04,
996,1.32e-01,-1.52e-04,
997,1.32e-01,-1.52e-04,
998,1.32e-01,-1.52e-04,
999,1.32e-01,-8.00e-01,
1000,1.32e-01,-1.52e-04,
1001,1.32e-01,-1.52e-04,
1002,1.32e-01,-1.52e-04,
1003,1.32e-01,-1.52e-04,
1004,1.32e-01,-1.52e-04,
1005,1.32e-01,-1.52e-04,
1006,1.32e-01,-1.52e-04,
1007,1.32e-01,-8.00e-01,
1008,1.32e-01,-1.52e-04,
1009,1.32e-01,-1.52e-04,
1010,1.32e-01,-1.52e-04,
1011,1.32e-01,-8.00e-01,
1012,1.32e-01,-1.52e-04,
1013,1.32e-01,-1.52e-04,
1014,1.32e-01,-1.52e-04,
1015,1.32e-01,-8.00e-01,
1016,1.32e-01,-1.52e-04,
1017,1.32e-01,-1.52e-04,
1018,1.32e-01,-1.52e-04,
1019,1.32e-01,-1.52e-04,
1020,1.32e-01,-1.52e-04,
1021,1.32e-01,-1.52e-04,
1022,1.32e-01,-1.52e-04,
1023,1.48e-01,-1.52e-04,
1024,1.48e-01,-1.52e-04,
1025,1.32e-01,-1.52e-04,
1026,1.32e-01,-1.52e-04,
1027,1.48e-01,-8.00e-01,
1028,1.32e-01,-1.52e-04,
1029,1.32e-01,-1.52e-04,
1030,1.32e-01,-1.52e-04,
1031,1.48e-01,-1.52e-04,
1032,1.48e-01,-1.52e-04,
1033,1.48e-01,-1.52e-04,
1034,1.48e-01,-1.52e-04,
1035,1.48e-01,-1.52e-04,
1036,1.32e-01,-1.52e-04,
1037,1.48e-01,-1.52e-04,
1038,1.48e-01,-1.52e-04,
1039,1.48e-01,-1.52e-04,
1040,1.48e-01,-1.52e-04,
1041,1.48e-01,-1.52e-04,
1042,1.48e-01,-1.52e-04,
1043,1.48e-01,-1.52e-04,
1044,1.48e-01,-1.52e-04,
1045,1.48e-01,-1.52e-04,
1046,1.48e-01,-1.52e-04,
1047,1.48e-01,-8.00e-01,
1048,1.48e-01,-1.52e-04,
1049,1.48e-01,-1.52e-04,
1050,1.48e-01,-1.52e-04,
1051,1.48e-01,-8.00e-01,
1052,1.48e-01,-1.52e-04,
1053,1.48e-01,-1.52e-04,
1054,1.48e-01,-1.52e-04,
1055,1.48e-01,-1.52e-04,
1056,1.48e-01,-1.52e-04,
1057,1.48e-01,-1.52e-04,
1058,1.48e-01,-1.52e-04,
1059,1.48e-01,-8.00e-01,
1060,1.48e-01,-1.52e-04,
1061,1.48e-01,-1.52e-04,
1062,1.48e-01,-1.52e-04,
1063,1.48e-01,-1.52e-04,
1064,1.48e-01,-1.52e-04,
1065,1.48e-01,-1.52e-04,
1066,1.48e-01,-1.52e-04,
1067,1.56e-01,-8.00e-01,
1068,1.48e-01,-1.52e-04,
1069,1.48e-01,-1.52e-04,
1070,1.48e-01,-1.52e-04,
1071,1.56e-01,-1.52e-04,
1072,1.48e-01,-1.52e-04,
1073,1.48e-01,-1.52e-04,
1074,1.56e-01,-1.52e-04,
1075,1.56e-01,-8.00e-01,
1076,1.48e-01,8.00e-01,
1077,1.56e-01,-8.00e-01,
1078,1.48e-01,-1.52e-04,
1079,1.56e-01,-1.52e-04,
1080,1.56e-01,-1.52e-04,
1081,1.56e-01,-1.52e-04,
1082,1.56e-01,-1.52e-04,
1083,1.56e-01,-1.52e-04,
1084,1.56e-01,-1.52e-04,
1085,1.56e-01,-1.52e-04,
1086,1.56e-01,-1.52e-04,
1087,1.56e-01,-8.00e-01,
1088,1.56e-01,-1.52e-04,
1089,1.56e-01,-1.52e-04,
1090,1.56e-01,-1.52e-04,
1091,1.56e-01,-8.00e-01,
1092,1.56e-01,-1.52e-04,
1093,1.56e-01,-1.52e-04,
1094,1.56e-01,-1.52e-04,
1095,1.56e-01,-1.52e-04,
1096,1.56e-01,-1.52e-04,
1097,1.56e-01,-1.52e-04,
1098,1.56e-01,-1.52e-04,
1099,1.56e-01,-1.52e-04,
1100,1.56e-01,-1.52e-04,
1101,1.56e-01,-1.52e-04,
1102,1.56e-01,-1.52e-04,
1103,1.56e-01,-1.52e-04,
1104,1.56e-01,-1.52e-04,
1105,1.56e-01,-1.52e-04,
1106,1.56e-01,-1.52e-04,
1107,1.56e-01,-8.00e-01,
1108,1.56e-01,-1.52e-04,
1109,1.56e-01,-1.52e-04,
1110,1.56e-01,-1.52e-04,
1111,1.64e-01,-8.00e-01,
1112,1.56e-01,-1.52e-04,
1113,1.64e-01,-1.52e-04,
1114,1.56e-01,-1.52e-04,
1115,1.56e-01,-1.52e-04,
1116,1.64e-01,-1.52e-04,
1117,1.64e-01,-1.52e-04,
1118,1.56e-01,-1.52e-04,
1119,1.64e-01,-8.00e-01,
1120,1.64e-01,-1.52e-04,
1121,1.64e-01,-1.52e-04,
1122,1.64e-01,-1.52e-04,
1123,1.64e-01,-1.52e-04,
1124,1.64e-01,-1.52e-04,
1125,1.64e-01,-1.52e-04,
1126,1.64e-01,-1.52e-04,
1127,1.64e-01,-8.00e-01,
1128,1.64e-01,-1.52e-04,
1129,1.64e-01,-1.52e-04,
1130,1.64e-01,-1.52e-04,
1131,1.64e-01,-8.00e-01,
1132,1.64e-01,-1.52e-04,
1133,1.64e-01,-1.52e-04,
1134,1.64e-01,-1.52e-04,
1135,1.64e-01,-1.52e-04,
1136,1.64e-01,-1.52e-04,
1137,1.64e-01,-1.52e-04,
1138,1.64e-01,-1.52e-04,
1139,1.64e-01,-8.00e-01,
1140,1.64e-01,-1.52e-04,
1141,1.64e-01,-1.52e-04,
1142,1.64e-01,-1.52e-04,
1143,1.64e-01,-1.52e-04,
1144,1.64e-01,-1.52e-04,
1145,1.64e-01,-1.52e-04,
1146,1.64e-01,-1.52e-04,
1147,1.64e-01,-8.00e-01,
1148,1.64e-01,-1.52e-04,
1149,1.64e-01,-1.52e-04,
1150,1.64e-01,-1.52e-04,
1151,1.72e-01,-1.52e-04,
1152,1.64e-01,-1.52e-04,
1153,1.64e-01,-1.52e-04,
1154,1.64e-01,-1.52e-04,
1155,1.64e-01,-1.52e-04,
1156,1.64e-01,-1.52e-04,
1157,1.72e-01,-1.52e-04,
1158,1.64e-01,-1.52e-04,
1159,1.72e-01,-1.52e-04,
1160,1.72e-01,-1.52e-04,
1161,1.72e-01,-1.52e-04,
1162,1.72e-01,-1.52e-04,
1163,1.64e-01,-1.52e-04,
1164,1.72e-01,-1.52e-04,
1165,1.72e-01,-1.52e-04,
1166,1.72e-01,-1.52e-04,
1167,1.72e-01,-8.00e-01,
1168,1.72e-01,-1.52e-04,
1169,1.72e-01,-1.52e-04,
1170,1.72e-01,-1.52e-04,
1171,1.72e-01,-1.52e-04,
1172,1.72e-01,-1.52e-04,
1173,1.72e-01,-1.52e-04,
1174,1.72e-01,-1.52e-04,
1175,1.72e-01,-1.52e-04,
1176,1.72e-01,-1.52e-04,
1177,1.72e-01,-1.52e-04,
1178,1.72e-01,-1.52e-04,
1179,1.72e-01,-8.00e-01,
1180,1.72e-01,-1.52e-04,
1181,1.72e-01,-1.52e-04,
1182,1.72e-01,-1.52e-04,
1183,1.80e-01,-1.52e-04,
1184,1.72e-01,-1.52e-04,
1185,1.72e-01,-1.52e-04,
1186,1.72e-01,-1.52e-04,
1187,1.72e-01,-8.00e-01,
1188,1.72e-01,-1.52e-04,
1189,1.72e-01,-1.52e-04,
1190,1.72e-01,-1.52e-04,
1191,1.72e-01,-1.52e-04,
1192,1.72e-01,-1.52e-04,
1193,1.72e-01,-1.52e-04,
1194,1.72e-01,-1.52e-04,
1195,1.72e-01,-1.52e-04,
1196,1.72e-01,-1.52e-04,
1197,1.72e-01,-1.52e-04,
1198,1.72e-01,-1.52e-04,
1199,1.80e-01,-8.00e-01,
1200,1.80e-01,-1.52e-04,
1201,1.80e-01,-1.52e-04,
1202,1.80e-01,-1.52e-04,
1203,1.80e-01,-1.52e-04,
1204,1.80e-01,-1.52e-04,
1205,1.72e-01,-1.52e-04,
1206,1.72e-01,-1.52e-04,
1207,1.80e-01,-1.52e-04,
1208,1.80e-01,-1.52e-04,
1209,1.80e-01,-1.52e-04,
1210,1.80e-01,-1.52e-04,
1211,1.80e-01,-1.52e-04,
1212,1.80e-01,-1.52e-04,
1213,1.80e-01,-1.52e-04,
1214,1.80e-01,-1.52e-04,
1215,1.80e-01,-1.52e-04,
1216,1.80e-01,-1.52e-04,
1217,1.80e-01,-1.52e-04,
1218,1.80e-01,-1.52e-04,
1219,1.80e-01,-1.52e-04,
1220,1.80e-01,-1.52e-04,
1221,1.80e-01,-1.52e-04,
1222,1.80e-01,-1.52e-04,
1223,1.80e-01,-1.52e-04,
1224,1.80e-01,-1.52e-04,
1225,1.80e-01,-1.52e-04,
1226,1.80e-01,-1.52e-04,
1227,1.80e-01,-1.52e-04,
1228,1.80e-01,-1.52e-04,
1229,1.80e-01,-1.52e-04,
1230,1.80e-01,-1.52e-04,
1231,1.88e-01,-1.52e-04,
1232,1.80e-01,-1.52e-04,
1233,1.80e-01,-1.52e-04,
1234,1.88e-01,-1.52e-04,
1235,1.80e-01,-1.52e-04,
1236,1.80e-01,-1.52e-04,
1237,1.80e-01,-1.52e-04,
1238,1.80e-01,-1.52e-04,
1239,1.88e-01,-8.00e-01,
1240,1.80e-01,-1.52e-04,
1241,1.88e-01,-1.52e-04,
1242,1.88e-01,-1.52e-04,
1243,1.88e-01,-1.52e-04,
1244,1.88e-01,-1.52e-04,
1245,1.80e-01,-1.52e-04,
1246,1.88e-01,-1.52e-04,
1247,1.88e-01,-1.52e-04,
1248,1.80e-01,-1.52e-04,
1249,1.88e-01,-1.52e-04,
1250,1.80e-01,-1.52e-04,
1251,1.88e-01,-1.52e-04,
1252,1.88e-01,-1.52e-04,
1253,1.88e-01,-1.52e-04,
1254,1.88e-01,-1.52e-04,
1255,1.88e-01,-1.52e-04,
1256,1.88e-01,-1.52e-04,
1257,1.88e-01,-1.52e-04,
1258,1.88e-01,-1.52e-04,
1259,1.88e-01,-8.00e-01,
1260,1.88e-01,-1.52e-04,
1261,1.88e-01,-1.52e-04,
1262,1.88e-01,-1.52e-04,
1263,1.88e-01,-1.52e-04,
1264,1.88e-01,-1.52e-04,
1265,1.88e-01,-1.52e-04,
1266,1.88e-01,-1.52e-04,
1267,1.88e-01,-8.00e-01,
1268,1.88e-01,-1.52e-04,
1269,1.88e-01,-1.52e-04,
1270,1.88e-01,-1.52e-04,
1271,1.88e-01,-1.52e-04,
1272,1.88e-01,-1.52e-04,
1273,1.88e-01,-1.52e-04,
1274,1.96e-01,-1.52e-04,
1275,1.88e-01,-8.00e-01,
1276,1.88e-01,8.00e-01,
1277,1.96e-01,-8.00e-01,
1278,1.88e-01,-1.52e-04,
1279,1.88e-01,-1.52e-04,
1280,1.96e-01,-1.52e-04,
1281,1.88e-01,-1.52e-04,
1282,1.96e-01,-1.52e-04,
1283,1.88e-01,-1.52e-04,
1284,1.96e-01,-1.52e-04,
1285,1.88e-01,-1.52e-04,
1286,1.88e-01,-1.52e-04,
1287,1.96e-01,-8.00e-01,
1288,1.96e-01,-1.52e-04,
1289,1.96e-01,-1.52e-04,
1290,1.96e-01,-1.52e-04,
1291,1.96e-01,-1.52e-04,
1292,1.96e-01,-1.52e-04,
1293,1.96e-01,-1.52e-04,
1294,1.96e-01,-1.52e-04,
1295,1.96e-01,-1.52e-04,
1296,1.96e-01,-1.52e-04,
1297,1.96e-01,-1.52e-04,
1298,1.96e-01,-1.52e-04,
1299,1.96e-01,-1.52e-04,
1300,1.96e-01,-1.52e-04,
1301,1.96e-01,-1.52e-04,
1302,1.96e-01,-1.52e-04,
1303,1.96e-01,-1.52e-04,
1304,1.96e-01,-1.52e-04,
1305,1.96e-01,-1.52e-04,
1306,1.96e-01,-1.52e-04,
1307,1.96e-01,-1.52e-04,
1308,1.96e-01,-1.52e-04,
1309,1.96e-01,-1.52e-04,
1310,1.96e-01,-1.52e-04,
1311,1.96e-01,-1.52e-04,
1312,1.96e-01,-1.52e-04,
1313,1.96e-01,-1.52e-04,
1314,1.96e-01,-1.52e-04,
1315,1.96e-01,-1.52e-04,
1316,1.96e-01,-1.52e-04,
1317,1.96e-01,-1.52e-04,
1318,1.96e-01,-1.52e-04,
1319,2.04e-01,-1.52e-04,
1320,2.04e-01,-1.52e-04,
1321,1.96e-01,-1.52e-04,
1322,1.96e-01,-1.52e-04,
1323,1.96e-01,-1.52e-04,
1324,2.04e-01,-1.52e-04,
1325,1.96e-01,-1.52e-04,
1326,1.96e-01,-1.52e-04,
1327,2.04e-01,-8.00e-01,
1328,2.04e-01,-1.52e-04,
1329,2.04e-01,-1.52e-04,
1330,2.04e-01,-1.52e-04,
1331,2.04e-01,-1.52e-04,
1332,2.04e-01,-1.52e-04,
1333,2.04e-01,-1.52e-04,
1334,2.04e-01,-1.52e-04,
1335,2.04e-01,-1.52e-04,
1336,2.04e-01,-1.52e-04,
1337,2.04e-01,-1.52e-04,
1338,2.04e-01,-1.52e-04,
1339,2.04e-01,-1.52e-04,
1340,2.04e-01,-1.52e-04,
1341,2.04e-01,-1.52e-04,
1342,2.04e-01,-1.52e-04,
1343,2.04e-01,-1.52e-04,
1344,2.04e-01,-1.52e-04,
1345,2.04e-01,-1.52e-04,
1346,2.04e-01,-1.52e-04,
1347,2.04e-01,-1.52e-04,
1348,2.04e-01,-1.52e-04,
1349,2.04e-01,-1.52e-04,
1350,2.04e-01,-1.52e-04,
1351,2.04e-01,-1.52e-04,
1352,2.04e-01,-1.52e-04,
1353,2.04e-01,-1.52e-04,
1354,2.04e-01,-1.52e-04,
1355,2.04e-01,-1.52e-04,
1356,2.04e-01,-1.52e-04,
1357,2.04e-01,-1.52e-04,
1358,2.04e-01,-1.52e-04,
1359,2.12e-01,-1.52e-04,
1360,2.04e-01,-1.52e-04,
1361,2.04e-01,-1.52e-04,
1362,2.04e-01,-1.52e-04,
1363,2.04e-01,-1.52e-04,
1364,2.12e-01,-1.52e-04,
1365,2.04e-01,-1.52e-04,
1366,2.04e-01,-1.52e-04,
1367,2.12e-01,-1.52e-04,
1368,2.12e-01,-1.52e-04,
1369,2.12e-01,-1.52e-04,
1370,2.12e-01,-1.52e-04,
1371,2.12e-01,-1.52e-04,
1372,2.04e-01,-1.52e-04,
1373,2.12e-01,-1.52e-04,
1374,2.12e-01,-1.52e-04,
1375,2.12e-01,-1.52e-04,
1376,2.12e-01,-1.52e-04,
1377,2.12e-01,-1.52e-04,
1378,2.12e-01,-1.52e-04,
1379,2.12e-01,-1.52e-04,
1380,2.12e-01,-1.52e-04,
1381,2.12e-01,-1.52e-04,
1382,2.12e-01,-1.52e-04,
1383,2.12e-01,-1.52e-04,
1384,2.12e-01,-1.52e-04,
1385,2.12e-01,-1.52e-04,
1386,2.12e-01,-1.52e-04,
1387,2.12e-01,-1.52e-04,
1388,2.12e-01,-1.52e-04,
1389,2.12e-01,-1.52e-04,
1390,2.12e-01,-1.52e-04,
1391,2.12e-01,-1.52e-04,
1392,2.12e-01,-1.52e-04,
1393,2.12e-01,-1.52e-04,
1394,2.12e-01,-1.52e-04,
1395,2.12e-01,-1.52e-04,
1396,2.12e-01,-1.52e-04,
1397,2.12e-01,-1.52e-04,
1398,2.12e-01,-1.52e-04,
1399,2.12e-01,-1.52e-04,
1400,2.12e-01,-1.52e-04,
1401,2.12e-01,-1.52e-04,
1402,2.12e-01,-1.52e-04,
1403,2.12e-01,-1.52e-04,
1404,2.20e-01,-1.52e-04,
1405,2.12e-01,-1.52e-04,
1406,2.12e-01,-1.52e-04,
1407,2.20e-01,-1.52e-04,
1408,2.12e-01,-1.52e-04,
1409,2.20e-01,-1.52e-04,
1410,2.20e-01,-1.52e-04,
1411,2.20e-01,-1.52e-04,
1412,2.20e-01,-1.52e-04,
1413,2.20e-01,-1.52e-04,
1414,2.20e-01,-1.52e-04,
1415,2.20e-01,-1.52e-04,
1416,2.20e-01,-1.52e-04,
1417,2.20e-01,-1.52e-04,
1418,2.20e-01,-1.52e-04,
1419,2.20e-01,-1.52e-04,
1420,2.20e-01,-1.52e-04,
1421,2.20e-01,-1.52e-04,
1422,2.20e-01,-1.52e-04,
1423,2.20e-01,-1.52e-04,
1424,2.20e-01,-1.52e-04,
1425,2.20e-01,-1.52e-04,
1426,2.20e-01,-1.52e-04,
1427,2.20e-01,-1.52e-04,
1428,2.20e-01,-1.52e-04,
1429,2.20e-01,-1.52e-04,
1430,2.20e-01,-1.52e-04,
1431,2.20e-01,-1.52e-04,
1432,2.20e-01,-1.52e-04,
1433,2.20e-01,-1.52e-04,
1434,2.20e-01,-1.52e-04,
1435,2.20e-01,-1.52e-04,
1436,2.20e-01,-1.52e-04,
1437,2.20e-01,-1.52e-04,
1438,2.20e-01,-1.52e-04,
1439,2.28e-01,-1.52e-04,
1440,2.20e-01,-1.52e-04,
1441,2.20e-01,-1.52e-04,
1442,2.28e-01,-1.52e-04,
1443,2.20e-01,-1.52e-04,
1444,2.28e-01,-1.52e-04,
1445,2.20e-01,-1.52e-04,
1446,2.20e-01,-1.52e-04,
1447,2.28e-01,-1.52e-04,
1448,2.20e-01,-1.52e-04,
1449,2.28e-01,-1.52e-04,
1450,2.20e-01,-1.52e-04,
1451,2.28e-01,-1.52e-04,
1452,2.28e-01,-1.52e-04,
1453,2.28e-01,-1.52e-04,
1454,2.28e-01,-1.52e-04,
1455,2.28e-01,-1.52e-04,
1456,2.28e-01,-1.52e-04,
1457,2.28e-01,-1.52e-04,
1458,2.28e-01,-1.52e-04,
1459,2.28e-01,-1.52e-04,
1460,2.28e-01,-1.52e-04,
1461,2.28e-01,-1.52e-04,
1462,2.28e-01,-1.52e-04,
1463,2.28e-01,-1.52e-04,
1464,2.28e-01,-1.52e-04,
1465,2.28e-01,-1.52e-04,
1466,2.28e-01,-1.52e-04,
1467,2.28e-01,-1.52e-04,
1468,2.28e-01,-1.52e-04,
1469,2.28e-01,-1.52e-04,
1470,2.28e-01,-1.52e-04,
1471,2.28e-01,-1.52e-04,
1472,2.28e-01,-1.52e-04,
1473,2.28e-01,-1.52e-04,
1474,2.28e-01,-1.52e-04,
1475,2.28e-01,-8.00e-01,
1476,2.28e-01,8.00e-01,
1477,2.36e-01,-8.00e-01,
1478,2.28e-01,-1.52e-04,
1479,2.28e-01,-1.52e-04,
1480,2.28e-01,-1.52e-04,
1481,2.28e-01,-1.52e-04,
1482,2.28e-01,-1.52e-04,
1483,2.28e-01,-1.52e-04,
1484,2.28e-01,-1.52e-04,
1485,2.28e-01,-1.52e-04,
1486,2.28e-01,-1.52e-04,
1487,2.28e-01,-1.52e-04,
1488,2.28e-01,-1.52e-04,
1489,2.36e-01,-1.52e-04,
1490,2.28e-01,-1.52e-04,
1491,2.36e-01,-1.52e-04,
1492,2.36e-01,-1.52e-04,
1493,2.36e-01,-1.52e-04,
1494,2.36e-01,-1.52e-04,
1495,2.36e-01,-1.52e-04,
1496,2.36e-01,-1.52e-04,
1497,2.36e-01,-1.52e-04,
1498,2.36e-01,-1.52e-04,
1499,2.36e-01,-1.52e-04,
1500,2.36e-01,-1.52e-04,
1501,2.36e-01,-1.52e-04,
1502,2.28e-01,-1.52e-04,
1503,2.36e-01,-1.52e-04,
1504,2.36e-01,-1.52e-04,
1505,2.36e-01,-1.52e-04,
1506,2.36e-01,-1.52e-04,
1507,2.36e-01,-1.52e-04,
1508,2.36e-01,-1.52e-04,
1509,2.36e-01,-1.52e-04,
1510,2.36e-01,-1.52e-04,
1511,2.36e-01,-1.52e-04,
1512,2.36e-01,-1.52e-04,
1513,2.36e-01,-1.52e-04,
1514,2.36e-01,-1.52e-04,
1515,2.36e-01,-1.52e-04,
1516,2.36e-01,-1.52e-04,
1517,2.36e-01,-1.52e-04,
1518,2.36e-01,-1.52e-04,
1519,2.36e-01,-1.52e-04,
1520,2.36e-01,-1.52e-04,
1521,2.36e-01,-1.52e-04,
1522,2.36e-01,-1.52e-04,
1523,2.36e-01,-1.52e-04,
1524,2.36e-01,-1.52e-04,
1525,2.36e-01,-1.52e-04,
1526,2.36e-01,-1.52e-04,
1527,2.44e-01,-1.52e-04,
1528,2.44e-01,-1.52e-04,
1529,2.36e-01,-1.52e-04,
1530,2.36e-01,-1.52e-04,
1531,2.36e-01,-1.52e-04,
1532,2.36e-01,-1.52e-04,
1533,2.44e-01,-1.52e-04,
1534,2.44e-01,-1.52e-04,
1535,2.44e-01,-1.52e-04,
1536,2.36e-01,-1.52e-04,
1537,2.44e-01,-1.52e-04,
1538,2.36e-01,-1.52e-04,
1539,2.44e-01,-1.52e-04,
1540,2.44e-01,-1.52e-04,
1541,2.44e-01,-1.52e-04,
1542,2.44e-01,-1.52e-04,
1543,2.44e-01,-1.52e-04,
1544,2.44e-01,-1.52e-04,
1545,2.36e-01,-1.52e-04,
1546,2.44e-01,-1.52e-04,
1547,2.44e-01,-1.52e-04,
1548,2.44e-01,-1.52e-04,
1549,2.44e-01,-1.52e-04,
1550,2.44e-01,-1.52e-04,
1551,2.44e-01,-1.52e-04,
1552,2.44e-01,-1.52e-04,
1553,2.44e-01,-1.52e-04,
1554,2.44e-01,-1.52e-04,
1555,2.44e-01,-1.52e-04,
1556,2.44e-01,-1.52e-04,
1557,2.44e-01,-1.52e-04,
1558,2.44e-01,-1.52e-04,
1559,2.44e-01,-1.52e-04,
1560,2.44e-01,-1.52e-04,
1561,2.44e-01,-1.52e-04,
1562,2.44e-01,-1.52e-04,
1563,2.44e-01,-1.52e-04,
1564,2.44e-01,-1.52e-04,
1565,2.44e-01,-1.52e-04,
1566,2.44e-01,-1.52e-04,
1567,2.44e-01,-1.52e-04,
1568,2.44e-01,-1.52e-04,
1569,2.44e-01,-1.52e-04,
1570,2.44e-01,-1.52e-04,
1571,2.44e-01,-1.52e-04,
1572,2.44e-01,-1.52e-04,
1573,2.44e-01,-1.52e-04,
1574,2.44e-01,-1.52e-04,
1575,2.52e-01,-1.52e-04,
1576,2.52e-01,-1.52e-04,
1577,2.44e-01,-1.52e-04,
1578,2.52e-01,-1.52e-04,
1579,2.52e-01,-1.52e-04,
1580,2.44e-01,-1.52e-04,
1581,2.52e-01,-1.52e-04,
1582,2.52e-01,-1.52e-04,
1583,2.52e-01,-1.52e-04,
1584,2.52e-01,-1.52e-04,
1585,2.44e-01,-1.52e-04,
1586,2.52e-01,-1.52e-04,
1587,2.52e-01,-1.52e-04,
1588,2.52e-01,-1.52e-04,
1589,2.52e-01,-1.52e-04,
1590,2.52e-01,-1.52e-04,
1591,2.52e-01,-1.52e-04,
1592,2.52e-01,-1.52e-04,
1593,2.52e-01,-1.52e-04,
1594,2.52e-01,-1.52e-04,
1595,2.52e-01,-1.52e-04,
1596,2.52e-01,-1.52e-04,
1597,2.52e-01,-1.52e-04,
1598,2.52e-01,-1.52e-04,
1599,2.52e-01,-1.52e-04,
1600,2.52e-01,-1.52e-04,
1601,2.52e-01,-1.52e-04,
1602,2.52e-01,-1.52e-04,
1603,2.52e-01,-1.52e-04,
1604,2.52e-01,-1.52e-04,
1605,2.52e-01,-1.52e-04,
1606,2.52e-01,-1.52e-04,
1607,2.52e-01,-1.52e-04,
1608,2.52e-01,-1.52e-04,
1609,2.52e-01,-1.52e-04,
1610,2.52e-01,-1.52e-04,
1611,2.52e-01,-1.52e-04,
1612,2.52e-01,-1.52e-04,
1613,2.52e-01,-1.52e-04,
1614,2.52e-01,-1.52e-04,
1615,2.52e-01,-1.52e-04,
1616,2.52e-01,-1.52e-04,
1617,2.52e-01,-1.52e-04,
1618,2.52e-01,-1.52e-04,
1619,2.52e-01,-1.52e-04,
1620,2.60e-01,-1.52e-04,
1621,2.60e-01,-1.52e-04,
1622,2.52e-01,-1.52e-04,
1623,2.60e-01,-1.52e-04,
1624,2.60e-01,-1.52e-04,
1625,2.60e-01,-1.52e-04,
1626,2.60e-01,-1.52e-04,
1627,2.52e-01,-1.52e-04,
1628,2.60e-01,-1.52e-04,
1629,2.60e-01,-1.52e-04,
1630,2.60e-01,-1.52e-04,
1631,2.60e-01,-1.52e-04,
1632,2.60e-01,-1.52e-04,
1633,2.60e-01,-1.52e-04,
1634,2.60e-01,-1.52e-04,
1635,2.60e-01,-1.52e-04,
1636,2.60e-01,-1.52e-04,
1637,2.60e-01,-1.52e-04,
1638,2.60e-01,-1.52e-04,
1639,2.60e-01,-1.52e-04,
1640,2.60e-01,-1.52e-04,
1641,2.60e-01,-1.52e-04,
1642,2.60e-01,-1.52e-04,
1643,2.60e-01,-1.52e-04,
1644,2.60e-01,-1.52e-04,
1645,2.60e-01,-1.52e-04,
1646,2.60e-01,-1.52e-04,
1647,2.60e-01,-1.52e-04,
1648,2.60e-01,-1.52e-04,
1649,2.60e-01,-1.52e-04,
1650,2.60e-01,-1.52e-04,
1651,2.60e-01,-1.52e-04,
1652,2.60e-01,-1.52e-04,
1653,2.60e-01,-1.52e-04,
1654,2.60e-01,-1.52e-04,
1655,2.60e-01,-1.52e-04,
1656,2.60e-01,-1.52e-04,
1657,2.68e-01,-1.52e-04,
1658,2.60e-01,-1.52e-04,
1659,2.60e-01,-1.52e-04,
1660,2.60e-01,-1.52e-04,
1661,2.60e-01,-1.52e-04,
1662,2.60e-01,-1.52e-04,
1663,2.68e-01,-1.52e-04,
1664,2.68e-01,-1.52e-04,
1665,2.68e-01,-1.52e-04,
1666,2.68e-01,-1.52e-04,
1667,2.68e-01,-1.52e-04,
1668,2.60e-01,8.00e-01,
1669,2.68e-01,-1.52e-04,
1670,2.68e-01,-1.52e-04,
1671,2.68e-01,-1.52e-04,
1672,2.68e-01,-1.52e-04,
1673,2.68e-01,-1.52e-04,
1674,2.68e-01,-1.52e-04,
1675,2.68e-01,-8.00e-01,
1676,2.60e-01,8.00e-01,
1677,2.68e-01,-8.00e-01,
1678,2.60e-01,-1.52e-04,
1679,2.68e-01,-1.52e-04,
1680,2.68e-01,-1.52e-04,
1681,2.68e-01,-1.52e-04,
1682,2.68e-01,-1.52e-04,
1683,2.68e-01,-1.52e-04,
1684,2.68e-01,-1.52e-04,
1685,2.68e-01,-1.52e-04,
1686,2.68e-01,-1.52e-04,
1687,2.68e-01,-1.52e-04,
1688,2.68e-01,-1.52e-04,
1689,2.68e-01,-1.52e-04,
1690,2.68e-01,-1.52e-04,
1691,2.68e-01,-1.52e-04,
1692,2.68e-01,-1.52e-04,
1693,2.68e-01,-1.52e-04,
1694,2.68e-01,-1.52e-04,
1695,2.68e-01,-1.52e-04,
1696,2.68e-01,-1.52e-04,
1697,2.68e-01,-1.52e-04,
1698,2.68e-01,-1.52e-04,
1699,2.68e-01,-1.52e-04,
1700,2.68e-01,-1.52e-04,
1701,2.76e-01,-1.52e-04,
1702,2.68e-01,-1.52e-04,
1703,2.76e-01,-1.52e-04,
1704,2.76e-01,-1.52e-04,
1705,2.76e-01,-1.52e-04,
1706,2.68e-01,-1.52e-04,
1707,2.76e-01,-1.52e-04,
1708,2.68e-01,-1.52e-04,
1709,2.76e-01,-1.52e-04,
1710,2.76e-01,-1.52e-04,
1711,2.76e-01,-1.52e-04,
1712,2.76e-01,-1.52e-04,
1713,2.68e-01,-1.52e-04,
1714,2.76e-01,-1.52e-04,
1715,2.76e-01,-1.52e-04,
1716,2.76e-01,-1.52e-04,
1717,2.76e-01,-1.52e-04,
1718,2.68e-01,-1.52e-04,
1719,2.76e-01,-1.52e-04,
1720,2.76e-01,-1.52e-04,
1721,2.76e-01,-1.52e-04,
1722,2.76e-01,-1.52e-04,
1723,2.76e-01,-1.52e-04,
1724,2.76e-01,-1.52e-04,
1725,2.76e-01,-1.52e-04,
1726,2.76e-01,-1.52e-04,
1727,2.76e-01,-1.52e-04,
1728,2.76e-01,-1.52e-04,
1729,2.76e-01,-1.52e-04,
1730,2.76e-01,-1.52e-04,
1731,2.76e-01,-1.52e-04,
1732,2.76e-01,-1.52e-04,
1733,2.76e-01,-1.52e-04,
1734,2.76e-01,-1.52e-04,
1735,2.76e-01,-1.52e-04,
1736,2.76e-01,-1.52e-04,
1737,2.76e-01,-1.52e-04,
1738,2.76e-01,-1.52e-04,
1739,2.76e-01,-1.52e-04,
1740,2.76e-01,-1.52e-04,
1741,2.76e-01,-1.52e-04,
1742,2.76e-01,-1.52e-04,
1743,2.76e-01,-1.52e-04,
1744,2.84e-01,-1.52e-04,
1745,2.76e-01,-1.52e-04,
1746,2.76e-01,-1.52e-04,
1747,2.84e-01,-1.52e-04,
1748,2.76e-01,-1.52e-04,
1749,2.76e-01,-1.52e-04,
1750,2.76e-01,-1.52e-04,
1751,2.84e-01,-1.52e-04,
1752,2.84e-01,-1.52e-04,
1753,2.76e-01,-1.52e-04,
1754,2.84e-01,-1.52e-04,
1755,2.84e-01,-1.52e-04,
1756,2.84e-01,-1.52e-04,
1757,2.84e-01,-1.52e-04,
1758,2.76e-01,-1.52e-04,
1759,2.84e-01,-1.52e-04,
1760,2.84e-01,-1.52e-04,
1761,2.84e-01,-1.52e-04,
1762,2.84e-01,-1.52e-04,
1763,2.84e-01,-1.52e-04,
1764,2.84e-01,-1.52e-04,
1765,2.84e-01,-1.52e-04,
1766,2.84e-01,-1.52e-04,
1767,2.84e-01,-1.52e-04,
1768,2.84e-01,-1.52e-04,
1769,2.84e-01,-1.52e-04,
1770,2.84e-01,-1.52e-04,
1771,2.84e-01,-1.52e-04,
1772,2.84e-01,-1.52e-04,
1773,2.84e-01,-1.52e-04,
1774,2.84e-01,-1.52e-04,
1775,2.84e-01,-1.52e-04,
1776,2.84e-01,-1.52e-04,
1777,2.84e-01,-1.52e-04,
1778,2.84e-01,-1.52e-04,
1779,2.84e-01,-1.52e-04,
1780,2.84e-01,-1.52e-04,
1781,2.84e-01,-1.52e-04,
1782,2.84e-01,-1.52e-04,
1783,2.84e-01,-1.52e-04,
1784,2.84e-01,-1.52e-04,
1785,2.84e-01,-1.52e-04,
1786,2.84e-01,-1.52e-04,
1787,2.84e-01,-1.52e-04,
1788,2.84e-01,-1.52e-04,
1789,2.84e-01,-1.52e-04,
1790,2.84e-01,-1.52e-04,
1791,2.92e-01,-1.52e-04,
1792,2.84e-01,-1.52e-04,
1793,2.92e-01,-1.52e-04,
1794,2.92e-01,-1.52e-04,
1795,2.84e-01,-1.52e-04,
1796,2.84e-01,-1.52e-04,
1797,2.92e-01,-1.52e-04,
1798,2.84e-01,8.00e-01,
1799,2.92e-01,-1.52e-04,
1800,2.92e-01,-1.52e-04,
1801,2.92e-01,-1.52e-04,
1802,2.92e-01,-1.52e-04,
1803,2.92e-01,-1.52e-04,
1804,2.92e-01,-1.52e-04,
1805,2.92e-01,-1.52e-04,
1806,2.92e-01,-1.52e-04,
1807,2.92e-01,-1.52e-04,
1808,2.92e-01,-1.52e-04,
1809,2.92e-01,-1.52e-04,
1810,2.92e-01,-1.52e-04,
1811,2.92e-01,-1.52e-04,
1812,2.92e-01,-1.52e-04,
1813,2.92e-01,-1.52e-04,
1814,2.92e-01,-1.52e-04,
1815,2.92e-01,-1.52e-04,
1816,2.92e-01,-1.52e-04,
1817,2.92e-01,-1.52e-04,
1818,2.92e-01,-1.52e-04,
1819,2.92e-01,-1.52e-04,
1820,2.92e-01,-1.52e-04,
1821,2.92e-01,-1.52e-04,
1822,2.92e-01,-1.52e-04,
1823,2.92e-01,-1.52e-04,
1824,2.92e-01,-1.52e-04,
1825,2.92e-01,-1.52e-04,
1826,2.92e-01,-1.52e-04,
1827,2.92e-01,-1.52e-04,
1828,2.92e-01,-1.52e-04,
1829,2.92e-01,-1.52e-04,
1830,2.92e-01,-1.52e-04,
1831,3.00e-01,-1.52e-04,
1832,3.00e-01,-1.52e-04,
1833,2.92e-01,-1.52e-04,
1834,3.00e-01,-1.52e-04,
1835,2.92e-01,-1.52e-04,
1836,2.92e-01,-1.52e-04,
1837,3.00e-01,-1.52e-04,
1838,2.92e-01,-1.52e-04,
1839,3.00e-01,-1.52e-04,
1840,2.92e-01,-1.52e-04,
1841,3.00e-01,-1.52e-04,
1842,3.00e-01,-1.52e-04,
1843,2.92e-01,-1.52e-04,
1844,3.00e-01,-1.52e-04,
1845,3.00e-01,-1.52e-04,
1846,2.92e-01,-1.52e-04,
1847,3.00e-01,-1.52e-04,
1848,3.00e-01,-1.52e-04,
1849,3.00e-01,-1.52e-04,
1850,3.00e-01,-1.52e-04,
1851,3.00e-01,-1.52e-04,
1852,2.92e-01,-1.52e-04,
1853,3.00e-01,-1.52e-04,
1854,3.00e-01,-1.52e-04,
1855,3.00e-01,-1.52e-04,
1856,3.00e-01,-1.52e-04,
1857,3.00e-01,-1.52e-04,
1858,3.00e-01,8.00e-01,
1859,3.00e-01,-1.52e-04,
1860,3.00e-01,-1.52e-04,
1861,3.00e-01,-1.52e-04,
1862,3.00e-01,-1.52e-04,
1863,3.00e-01,-1.52e-04,
1864,3.00e-01,-1.52e-04,
1865,3.00e-01,-1.52e-04,
1866,3.00e-01,-1.52e-04,
1867,3.00e-01,-1.52e-04,
1868,3.00e-01,8.00e-01,
1869,3.08e-01,-1.52e-04,
1870,3.00e-01,8.00e-01,
1871,3.08e-01,-1.52e-04,
1872,3.00e-01,-1.52e-04,
1873,3.00e-01,-1.52e-04,
1874,3.08e-01,-1.52e-04,
1875,3.08e-01,-1.52e-04,
1876,3.00e-01,8.00e-01,
1877,3.08e-01,-1.52e-04,
1878,3.00e-01,8.00e-01,
1879,3.08e-01,-1.52e-04,
1880,3.08e-01,-1.52e-04,
1881,3.08e-01,-1.52e-04,
1882,3.08e-01,-1.52e-04,
1883,3.00e-01,-1.52e-04,
1884,3.08e-01,-1.52e-04,
1885,3.08e-01,-1.52e-04,
1886,3.00e-01,8.00e-01,
1887,3.08e-01,-1.52e-04,
1888,3.08e-01,-1.52e-04,
1889,3.08e-01,-1.52e-04,
1890,3.08e-01,-1.52e-04,
1891,3.08e-01,-1.52e-04,
1892,3.08e-01,-1.52e-04,
1893,3.08e-01,-1.52e-04,
1894,3.08e-01,-1.52e-04,
1895,3.08e-01,-1.52e-04,
1896,3.08e-01,-1.52e-04,
1897,3.08e-01,-1.52e-04,
1898,3.08e-01,-1.52e-04,
1899,3.08e-01,-1.52e-04,
1900,3.08e-01,-1.52e-04,
1901,3.08e-01,-1.52e-04,
1902,3.08e-01,-1.52e-04,
1903,3.08e-01,-1.52e-04,
1904,3.08e-01,-1.52e-04,
1905,3.08e-01,-1.52e-04,
1906,3.08e-01,-1.52e-04,
1907,3.08e-01,-1.52e-04,
1908,3.08e-01,-1.52e-04,
1909,3.08e-01,-1.52e-04,
1910,3.08e-01,8.00e-01,
1911,3.16e-01,-1.52e-04,
1912,3.08e-01,-1.52e-04,
1913,3.08e-01,-1.52e-04,
1914,3.08e-01,-1.52e-04,
1915,3.08e-01,-1.52e-04,
1916,3.08e-01,-1.52e-04,
1917,3.16e-01,-1.52e-04,
1918,3.08e-01,8.00e-01,
1919,3.16e-01,-1.52e-04,
1920,3.08e-01,-1.52e-04,
1921,3.16e-01,-1.52e-04,
1922,3.08e-01,-1.52e-04,
1923,3.08e-01,-1.52e-04,
1924,3.16e-01,-1.52e-04,
1925,3.16e-01,-1.52e-04,
1926,3.08e-01,-1.52e-04,
1927,3.16e-01,-1.52e-04,
1928,3.16e-01,-1.52e-04,
1929,3.16e-01,-1.52e-04,
1930,3.16e-01,8.00e-01,
1931,3.16e-01,-1.52e-04,
1932,3.16e-01,-1.52e-04,
1933,3.16e-01,-1.52e-04,
1934,3.16e-01,-1.52e-04,
1935,3.16e-01,-1.52e-04,
1936,3.16e-01,-1.52e-04,
1937,3.16e-01,-1.52e-04,
1938,3.16e-01,-1.52e-04,
1939,3.16e-01,-1.52e-04,
1940,3.16e-01,-1.52e-04,
1941,3.16e-01,-1.52e-04,
1942,3.16e-01,8.00e-01,
1943,3.16e-01,-1.52e-04,
1944,3.16e-01,-1.52e-04,
1945,3.16e-01,-1.52e-04,
1946,3.16e-01,8.00e-01,
1947,3.16e-01,-1.52e-04,
1948,3.16e-01,-1.52e-04,
1949,3.16e-01,-1.52e-04,
1950,3.16e-01,8.00e-01,
1951,3.16e-01,-1.52e-04,
1952,3.16e-01,-1.52e-04,
1953,3.16e-01,-1.52e-04,
1954,3.16e-01,-1.52e-04,
1955,3.16e-01,-1.52e-04,
1956,3.16e-01,-1.52e-04,
1957,3.16e-01,-1.52e-04,
1958,3.16e-01,8.00e-01,
1959,3.24e-01,-1.52e-04,
1960,3.16e-01,-1.52e-04,
1961,3.24e-01,-1.52e-04,
1962,3.24e-01,-1.52e-04,
1963,3.16e-01,-1.52e-04,
1964,3.16e-01,-1.52e-04,
1965,3.16e-01,-1.52e-04,
1966,3.16e-01,8.00e-01,
1967,3.24e-01,-1.52e-04,
1968,3.16e-01,-1.52e-04,
1969,3.24e-01,-1.52e-04,
1970,3.16e-01,-1.52e-04,
1971,3.24e-01,-1.52e-04,
1972,3.24e-01,-1.52e-04,
1973,3.24e-01,-1.52e-04,
1974,3.24e-01,-1.52e-04,
1975,3.24e-01,-1.52e-04,
1976,3.24e-01,-1.52e-04,
1977,3.24e-01,-1.52e-04,
1978,3.24e-01,-1.52e-04,
1979,3.24e-01,-1.52e-04,
1980,3.24e-01,8.00e-01,
1981,3.24e-01,-1.52e-04,
1982,3.24e-01,-1.52e-04,
1983,3.24e-01,-1.52e-04,
1984,3.24e-01,-1.52e-04,
1985,3.24e-01,-1.52e-04,
1986,3.24e-01,8.00e-01,
1987,3.24e-01,-1.52e-04,
1988,3.24e-01,8.00e-01,
1989,3.24e-01,-1.52e-04,
1990,3.24e-01,8.00e-01,
1991,3.24e-01,-1.52e-04,
1992,3.24e-01,-1.52e-04,
1993,3.24e-01,-1.52e-04,
1994,3.24e-01,-1.52e-04,
1995,3.24e-01,-1.52e-04,
1996,3.24e-01,-1.52e-04,
1997,3.24e-01,-1.52e-04,
1998,3.24e-01,8.00e-01,
1999,3.32e-01,-1.52e-04,
2000,3.24e-01,-1.52e-04,
2001,3.24e-01,-1.52e-04,
2002,3.24e-01,-1.52e-04,
2003,3.24e-01,-1.52e-04,
2004,3.24e-01,-1.52e-04,
2005,3.24e-01,-1.52e-04,
2006,3.24e-01,8.00e-01,
2007,3.32e-01,-1.52e-04,
2008,3.24e-01,-1.52e-04,
2009,3.32e-01,-1.52e-04,
2010,3.24e-01,-1.52e-04,
2011,3.24e-01,-1.52e-04,
2012,3.32e-01,-1.52e-04,
2013,3.32e-01,-1.52e-04,
2014,3.32e-01,-1.52e-04,
2015,3.32e-01,-1.52e-04,
2016,3.32e-01,-1.52e-04,
2017,3.32e-01,-1.52e-04,
2018,3.32e-01,8.00e-01,
2019,3.32e-01,-1.52e-04,
2020,3.32e-01,-1.52e-04,
2021,3.32e-01,-1.52e-04,
2022,3.32e-01,8.00e-01,
2023,3.32e-01,-1.52e-04,
2024,3.32e-01,-1.52e-04,
2025,3.32e-01,-1.52e-04,
2026,3.32e-01,8.00e-01,
2027,3.32e-01,-1.52e-04,
2028,3.32e-01,8.00e-01,
2029,3.32e-01,-1.52e-04,
2030,3.32e-01,8.00e-01,
2031,3.32e-01,-1.52e-04,
2032,3.32e-01,-1.52e-04,
2033,3.32e-01,-1.52e-04,
2034,3.32e-01,-1.52e-04,
2035,3.32e-01,-1.52e-04,
2036,3.32e-01,-1.52e-04,
2037,3.32e-01,-1.52e-04,
2038,3.32e-01,-1.52e-04,
2039,3.32e-01,-1.52e-04,
2040,3.32e-01,-1.52e-04,
2041,3.32e-01,-1.52e-04,
2042,3.32e-01,-1.52e-04,
2043,3.32e-01,-1.52e-04,
2044,3.40e-01,-1.52e-04,
2045,3.32e-01,-1.52e-04,
2046,3.32e-01,8.00e-01,
2047,3.40e-01,-1.52e-04,
2048,3.32e-01,-1.52e-04,
2049,3.32e-01,-1.52e-04,
2050,3.32e-01,8.00e-01,
2051,3.40e-01,-1.52e-04,
2052,3.40e-01,8.00e-01,
2053,3.32e-01,-1.52e-04,
2054,3.32e-01,-1.52e-04,
2055,3.40e-01,-1.52e-04,
2056,3.40e-01,-1.52e-04,
2057,3.40e-01,-1.52e-04,
2058,3.32e-01,8.00e-01,
2059,3.40e-01,-1.52e-04,
2060,3.40e-01,-1.52e-04,
2061,3.40e-01,-1.52e-04,
2062,3.32e-01,8.00e-01,
2063,3.40e-01,-1.52e-04,
2064,3.40e-01,-1.52e-04,
2065,3.40e-01,-1.52e-04,
2066,3.40e-01,-1.52e-04,
2067,3.40e-01,-1.52e-04,
2068,3.40e-01,8.00e-01,
2069,3.40e-01,-1.52e-04,
2070,3.40e-01,8.00e-01,
2071,3.40e-01,-1.52e-04,
2072,3.40e-01,-1.52e-04,
2073,3.40e-01,-1.52e-04,
2074,3.40e-01,-1.52e-04,
2075,3.40e-01,-1.52e-04,
2076,3.32e-01,8.00e-01,
2077,3.48e-01,-8.00e-01,
2078,3.40e-01,8.00e-01,
2079,3.40e-01,-1.52e-04,
2080,3.48e-01,-1.52e-04,
2081,3.40e-01,8.00e-01,
2082,3.40e-01,-1.52e-04,
2083,3.40e-01,-1.52e-04,
2084,3.40e-01,-1.52e-04,
2085,3.40e-01,-1.52e-04,
2086,3.40e-01,8.00e-01,
2087,3.48e-01,-1.52e-04,
2088,3.40e-01,-1.52e-04,
2089,3.40e-01,-1.52e-04,
2090,3.40e-01,-1.52e-04,
2091,3.40e-01,-1.52e-04,
2092,3.40e-01,-1.52e-04,
2093,3.40e-01,-1.52e-04,
2094,3.40e-01,-1.52e-04,
2095,3.40e-01,-1.52e-04,
2096,3.48e-01,8.00e-01,
2097,3.48e-01,-1.52e-04,
2098,3.40e-01,8.00e-01,
2099,3.40e-01,-1.52e-04,
2100,3.48e-01,8.00e-01,
2101,3.48e-01,-1.52e-04,
2102,3.40e-01,8.00e-01,
2103,3.32e-01,-1.52e-04,
2104,3.24e-01,-1.52e-04,
2105,3.00e-01,-1.52e-04,
2106,2.76e-01,-1.52e-04,
2107,2.60e-01,-1.52e-04,
2108,2.52e-01,-1.52e-04,
2109,2.60e-01,-1.52e-04,
2110,2.60e-01,-1.52e-04,
2111,2.84e-01,-1.52e-04,
2112,3.00e-01,-1.52e-04,
2113,3.08e-01,-1.52e-04,
2114,3.16e-01,-1.52e-04,
2115,3.24e-01,-1.52e-04,
2116,3.32e-01,-1.52e-04,
2117,3.32e-01,-1.52e-04,
2118,3.24e-01,8.00e-01,
2119,3.32e-01,-1.52e-04,
2120,3.24e-01,-1.52e-04,
2121,3.24e-01,-1.52e-04,
2122,3.24e-01,-1.52e-04,
2123,3.24e-01,-1.52e-04,
2124,3.24e-01,-1.52e-04,
2125,3.24e-01,-1.52e-04,
2126,3.24e-01,8.00e-01,
2127,3.32e-01,-1.52e-04,
2128,3.32e-01,8.00e-01,
2129,3.40e-01,-1.52e-04,
2130,3.40e-01,8.00e-01,
2131,3.40e-01,-1.52e-04,
2132,3.40e-01,-1.52e-04,
2133,3.32e-01,-1.52e-04,
2134,3.32e-01,-1.52e-04,
2135,3.32e-01,-1.52e-04,
2136,3.32e-01,-1.52e-04,
2137,3.32e-01,-1.52e-04,
2138,3.32e-01,8.00e-01,
2139,3.40e-01,-1.52e-04,
2140,3.40e-01,8.00e-01,
2141,3.40e-01,-1.52e-04,
2142,3.40e-01,8.00e-01,
2143,3.40e-01,-1.52e-04,
2144,3.40e-01,-1.52e-04,
2145,3.40e-01,-1.52e-04,
2146,3.40e-01,8.00e-01,
2147,3.40e-01,-1.52e-04,
2148,3.32e-01,8.00e-01,
2149,3.40e-01,-1.52e-04,
2150,3.40e-01,8.00e-01,
2151,3.40e-01,-1.52e-04,
2152,3.48e-01,-1.52e-04,
2153,3.48e-01,-1.52e-04,
2154,3.48e-01,-1.52e-04,
2155,3.48e-01,-1.52e-04,
2156,3.48e-01,8.00e-01,
2157,3.48e-01,-1.52e-04,
2158,3.40e-01,8.00e-01,
2159,3.40e-01,-1.52e-04,
2160,3.40e-01,-1.52e-04,
2161,3.40e-01,-1.52e-04,
2162,3.48e-01,8.00e-01,
2163,3.48e-01,-1.52e-04,
2164,3.48e-01,-1.52e-04,
2165,3.48e-01,-1.52e-04,
2166,3.48e-01,8.00e-01,
2167,3.56e-01,-1.52e-04,
2168,3.48e-01,-1.52e-04,
2169,3.48e-01,-1.52e-04,
2170,3.48e-01,8.00e-01,
2171,3.48e-01,-1.52e-04,
2172,3.48e-01,8.00e-01,
2173,3.48e-01,-1.52e-04,
2174,3.48e-01,-1.52e-04,
2175,3.48e-01,-1.52e-04,
2176,3.48e-01,-1.52e-04,
2177,3.56e-01,-1.52e-04,
2178,3.48e-01,8.00e-01,
2179,3.56e-01,-1.52e-04,
2180,3.56e-01,8.00e-01,
2181,3.56e-01,-1.52e-04,
2182,3.48e-01,8.00e-01,
2183,3.48e-01,-1.52e-04,
2184,3.48e-01,-1.52e-04,
2185,3.48e-01,-1.52e-04,
2186,3.48e-01,8.00e-01,
2187,3.56e-01,-1.52e-04,
2188,3.56e-01,8.00e-01,
2189,3.56e-01,-1.52e-04,
2190,3.56e-01,8.00e-01,
2191,3.56e-01,-1.52e-04,
2192,3.56e-01,-1.52e-04,
2193,3.56e-01,-1.52e-04,
2194,3.56e-01,-1.52e-04,
2195,3.56e-01,-1.52e-04,
2196,3.56e-01,8.00e-01,
2197,3.56e-01,-1.52e-04,
2198,3.56e-01,8.00e-01,
2199,3.56e-01,-1.52e-04,
2200,3.56e-01,8.00e-01,
2201,3.56e-01,-1.52e-04,
2202,3.56e-01,8.00e-01,
2203,3.56e-01,-1.52e-04,
2204,3.64e-01,-1.52e-04,
2205,3.56e-01,-1.52e-04,
2206,3.56e-01,8.00e-01,
2207,3.56e-01,-1.52e-04,
2208,3.56e-01,8.00e-01,
2209,3.56e-01,-1.52e-04,
2210,3.56e-01,8.00e-01,
2211,3.56e-01,-1.52e-04,
2212,3.56e-01,8.00e-01,
2213,3.56e-01,-1.52e-04,
2214,3.56e-01,8.00e-01,
2215,3.56e-01,-1.52e-04,
2216,3.56e-01,8.00e-01,
2217,3.56e-01,8.00e-01,
2218,3.56e-01,8.00e-01,
2219,3.56e-01,8.00e-01,
2220,3.56e-01,8.00e-01,
2221,3.56e-01,8.00e-01,
2222,3.56e-01,1.60e+00,
2223,3.56e-01,8.00e-01,
2224,3.64e-01,8.00e-01,
2225,3.56e-01,1.60e+00,
2226,3.56e-01,1.60e+00,
2227,3.64e-01,1.60e+00,
2228,3.56e-01,1.60e+00,
2229,3.64e-01,1.60e+00,
2230,3.56e-01,2.40e+00,
2231,3.56e-01,1.60e+00,
2232,3.56e-01,2.40e+00,
2233,3.56e-01,2.40e+00,
2234,3.56e-01,2.40e+00,
2235,3.56e-01,2.40e+00,
2236,3.56e-01,2.40e+00,
2237,3.64e-01,2.40e+00,
2238,3.56e-01,3.20e+00,
2239,3.64e-01,2.40e+00,
2240,3.56e-01,3.20e+00,
2241,3.56e-01,3.20e+00,
2242,3.56e-01,3.20e+00,
2243,3.56e-01,3.20e+00,
2244,3.56e-01,3.20e+00,
2245,3.56e-01,3.20e+00,
2246,3.56e-01,4.00e+00,
2247,3.64e-01,4.00e+00,
2248,3.56e-01,4.00e+00,
2249,3.64e-01,4.00e+00,
2250,3.56e-01,4.80e+00,
2251,3.64e-01,4.00e+00,
2252,3.64e-01,4.80e+00,
2253,3.64e-01,4.80e+00,
2254,3.56e-01,4.80e+00,
2255,3.64e-01,4.80e+00,
2256,3.56e-01,5.60e+00,
2257,3.64e-01,4.80e+00,
2258,3.56e-01,5.60e+00,
2259,3.56e-01,5.60e+00,
2260,3.56e-01,7.20e+00,
2261,3.64e-01,7.20e+00,
2262,3.56e-01,7.20e+00,
2263,3.56e-01,7.20e+00,
2264,3.56e-01,8.00e+00,
2265,3.48e-01,8.00e+00,
2266,3.48e-01,8.80e+00,
2267,3.48e-01,8.80e+00,
2268,3.40e-01,1.04e+01,
2269,3.40e-01,1.04e+01,
2270,3.32e-01,1.20e+01,
2271,3.32e-01,1.28e+01,
2272,3.32e-01,1.36e+01,
2273,3.24e-01,1.52e+01,
2274,3.16e-01,1.68e+01,
2275,3.08e-01,1.84e+01,
2276,2.92e-01,2.16e+01,
2277,2.84e-01,2.40e+01,
2278,2.52e-01,2.72e+01,
2279,2.36e-01,2.96e+01,
2280,2.12e-01,3.36e+01,
2281,1.64e-01,3.76e+01,
2282,7.60e-02,4.08e+01,
2283,-1.20e-02,4.40e+01,
2284,-8.40e-02,4.88e+01,
2285,-1.64e-01,5.12e+01,
2286,-2.44e-01,5.44e+01,
2287,-3.16e-01,5.76e+01,
2288,-3.88e-01,6.08e+01,
2289,-4.60e-01,6.32e+01,
2290,-5.24e-01,6.56e+01,
2291,-5.88e-01,6.72e+01,
2292,-6.44e-01,6.88e+01,
2293,-6.84e-01,7.04e+01,
2294,-7.40e-01,7.20e+01,
2295,-7.64e-01,7.20e+01,
2296,-7.96e-01,7.20e+01,
2297,-8.04e-01,7.04e+01,
2298,-7.96e-01,6.96e+01,
2299,-7.80e-01,6.80e+01,
2300,-7.40e-01,6.48e+01,
2301,-6.76e-01,6.08e+01,
2302,-6.04e-01,5.52e+01,
2303,-5.16e-01,4.96e+01,
2304,-4.20e-01,4.24e+01,
2305,-3.24e-01,3.60e+01,
2306,-2.28e-01,2.96e+01,
2307,-1.24e-01,2.40e+01,
2308,-3.60e-02,2.00e+01,
2309,4.40e-02,1.60e+01,
2310,1.16e-01,1.36e+01,
2311,1.88e-01,1.12e+01,
2312,2.36e-01,1.04e+01,
2313,2.76e-01,8.80e+00,
2314,3.08e-01,8.80e+00,
2315,3.32e-01,8.00e+00,
2316,3.48e-01,8.00e+00,
2317,3.64e-01,7.20e+00,
2318,3.64e-01,8.00e+00,
2319,3.72e-01,8.00e+00,
2320,3.64e-01,9.60e+00,
2321,3.56e-01,1.04e+01,
2322,3.32e-01,1.20e+01,
2323,3.00e-01,1.36e+01,
2324,2.68e-01,1.60e+01,
2325,2.12e-01,1.84e+01,
2326,1.48e-01,2.32e+01,
2327,6.80e-02,2.64e+01,
2328,-1.20e-02,3.12e+01,
2329,-1.08e-01,3.76e+01,
2330,-1.96e-01,4.24e+01,
2331,-2.92e-01,4.80e+01,
2332,-3.72e-01,5.20e+01,
2333,-4.36e-01,5.52e+01,
2334,-5.00e-01,5.76e+01,
2335,-5.32e-01,5.92e+01,
2336,-5.48e-01,5.76e+01,
2337,-5.32e-01,5.52e+01,
2338,-5.00e-01,5.20e+01,
2339,-4.52e-01,4.80e+01,
2340,-3.80e-01,4.24e+01,
2341,-3.08e-01,3.68e+01,
2342,-2.36e-01,3.28e+01,
2343,-1.48e-01,2.72e+01,
2344,-6.80e-02,2.32e+01,
2345,4.00e-03,2.00e+01,
2346,6.80e-02,1.68e+01,
2347,1.24e-01,1.44e+01,
2348,1.80e-01,1.28e+01,
2349,2.20e-01,1.12e+01,
2350,2.52e-01,1.12e+01,
2351,2.84e-01,9.60e+00,
2352,3.00e-01,9.60e+00,
2353,3.16e-01,9.60e+00,
2354,3.24e-01,1.04e+01,
2355,3.24e-01,1.04e+01,
2356,3.16e-01,1.12e+01,
2357,3.08e-01,1.20e+01,
2358,2.92e-01,1.36e+01,
2359,2.68e-01,1.44e+01,
2360,2.28e-01,1.68e+01,
2361,1.88e-01,2.00e+01,
2362,1.24e-01,2.32e+01,
2363,6.00e-02,2.64e+01,
2364,-4.00e-03,3.04e+01,
2365,-7.60e-02,3.52e+01,
2366,-1.48e-01,3.92e+01,
2367,-2.28e-01,4.32e+01,
2368,-2.92e-01,4.72e+01,
2369,-3.56e-01,4.96e+01,
2370,-3.96e-01,5.12e+01,
2371,-4.28e-01,5.20e+01,
2372,-4.36e-01,5.20e+01,
2373,-4.28e-01,5.04e+01,
2374,-4.12e-01,4.80e+01,
2375,-3.72e-01,4.40e+01,
2376,-3.32e-01,4.00e+01,
2377,-2.76e-01,3.68e+01,
2378,-2.04e-01,3.28e+01,
2379,-1.40e-01,2.80e+01,
2380,-7.60e-02,2.48e+01,
2381,-1.20e-02,2.16e+01,
2382,4.40e-02,1.84e+01,
2383,9.20e-02,1.68e+01,
2384,1.48e-01,1.52e+01,
2385,1.80e-01,1.36e+01,
2386,2.12e-01,1.28e+01,
2387,2.36e-01,1.20e+01,
2388,2.52e-01,1.20e+01,
2389,2.68e-01,1.20e+01,
2390,2.76e-01,1.20e+01,
2391,2.76e-01,1.20e+01,
2392,2.68e-01,1.36e+01,
2393,2.60e-01,1.44e+01,
2394,2.44e-01,1.52e+01,
2395,2.20e-01,1.68e+01,
2396,1.88e-01,2.00e+01,
2397,1.48e-01,2.16e+01,
2398,9.20e-02,2.48e+01,
2399,3.60e-02,2.72e+01,
2400,-2.00e-02,3.04e+01,
2401,-7.60e-02,3.44e+01,
2402,-1.32e-01,3.76e+01,
2403,-2.04e-01,4.08e+01,
2404,-2.52e-01,4.32e+01,
2405,-3.00e-01,4.48e+01,
2406,-3.32e-01,4.72e+01,
2407,-3.48e-01,4.72e+01,
2408,-3.56e-01,4.72e+01,
2409,-3.56e-01,4.48e+01,
2410,-3.32e-01,4.32e+01,
2411,-3.08e-01,4.08e+01,
2412,-2.68e-01,3.76e+01,
2413,-2.20e-01,3.44e+01,
2414,-1.72e-01,3.12e+01,
2415,-1.08e-01,2.80e+01,
2416,-6.00e-02,2.56e+01,
2417,-1.20e-02,2.24e+01,
2418,3.60e-02,2.08e+01,
2419,7.60e-02,1.76e+01,
2420,1.16e-01,1.68e+01,
2421,1.56e-01,1.52e+01,
2422,1.80e-01,1.52e+01,
2423,2.04e-01,1.44e+01,
2424,2.20e-01,1.44e+01,
2425,2.28e-01,1.36e+01,
2426,2.36e-01,1.44e+01,
2427,2.36e-01,1.44e+01,
2428,2.28e-01,1.52e+01,
2429,2.12e-01,1.60e+01,
2430,1.96e-01,1.76e+01,
2431,1.72e-01,2.00e+01,
2432,1.32e-01,2.16e+01,
2433,1.00e-01,2.40e+01,
2434,6.00e-02,2.64e+01,
2435,1.20e-02,2.80e+01,
2436,-3.60e-02,3.12e+01,
2437,-8.40e-02,3.44e+01,
2438,-1.32e-01,3.68e+01,
2439,-1.80e-01,3.92e+01,
2440,-2.28e-01,4.08e+01,
2441,-2.52e-01,4.24e+01,
2442,-2.76e-01,4.32e+01,
2443,-2.92e-01,4.32e+01,
2444,-3.00e-01,4.24e+01,
2445,-2.84e-01,4.16e+01,
2446,-2.68e-01,4.00e+01,
2447,-2.44e-01,3.76e+01,
2448,-2.12e-01,3.52e+01,
2449,-1.72e-01,3.28e+01,
2450,-1.24e-01,2.96e+01,
2451,-8.40e-02,2.72e+01,
2452,-3.60e-02,2.48e+01,
2453,4.00e-03,2.32e+01,
2454,3.60e-02,2.16e+01,
2455,7.60e-02,2.00e+01,
2456,1.08e-01,1.84e+01,
2457,1.32e-01,1.68e+01,
2458,1.56e-01,1.68e+01,
2459,1.80e-01,1.60e+01,
2460,1.88e-01,1.60e+01,
2461,1.96e-01,1.60e+01,
2462,1.96e-01,1.60e+01,
2463,1.96e-01,1.68e+01,
2464,1.88e-01,1.76e+01,
2465,1.72e-01,1.84e+01,
2466,1.56e-01,2.08e+01,
2467,1.24e-01,2.16e+01,
2468,9.20e-02,2.40e+01,
2469,6.00e-02,2.56e+01,
2470,2.80e-02,2.72e+01,
2471,-1.20e-02,2.96e+01,
2472,-5.20e-02,3.12e+01,
2473,-9.20e-02,3.44e+01,
2474,-1.24e-01,3.60e+01,
2475,-1.72e-01,3.76e+01,
2476,-1.96e-01,3.92e+01,
2477,-2.20e-01,4.00e+01,
2478,-2.36e-01,4.00e+01,
2479,-2.36e-01,4.00e+01,
2480,-2.44e-01,3.92e+01,
2481,-2.28e-01,3.84e+01,
2482,-2.12e-01,3.68e+01,
2483,-1.88e-01,3.52e+01,
2484,-1.64e-01,3.28e+01,
2485,-1.24e-01,3.04e+01,
2486,-8.40e-02,2.88e+01,
2487,-5.20e-02,2.64e+01,
2488,-2.00e-02,2.48e+01,
2489,1.20e-02,2.32e+01,
2490,4.40e-02,2.16e+01,
2491,7.60e-02,2.08e+01,
2492,1.00e-01,2.00e+01,
2493,1.16e-01,1.84e+01,
2494,1.32e-01,1.76e+01,
2495,1.56e-01,1.76e+01,
2496,1.64e-01,1.76e+01,
2497,1.64e-01,1.76e+01,
2498,1.64e-01,1.84e+01,
2499,1.56e-01,1.84e+01,
2500,1.48e-01,2.00e+01,
2501,1.24e-01,2.08e+01,
2502,1.08e-01,2.24e+01,
2503,8.40e-02,2.40e+01,
2504,6.00e-02,2.48e+01,
2505,2.80e-02,2.64e+01,
2506,4.00e-03,2.88e+01,
2507,-3.60e-02,3.04e+01,
2508,-6.80e-02,3.28e+01,
2509,-1.00e-01,3.44e+01,
2510,-1.24e-01,3.60e+01,
2511,-1.48e-01,3.68e+01,
2512,-1.80e-01,3.76e+01,
2513,-1.88e-01,3.76e+01,
2514,-1.96e-01,3.76e+01,
2515,-2.04e-01,3.76e+01,
2516,-1.96e-01,3.68e+01,
2517,-1.80e-01,3.52e+01,
2518,-1.64e-01,3.44e+01,
2519,-1.40e-01,3.28e+01,
2520,-1.16e-01,3.04e+01,
2521,-8.40e-02,2.88e+01,
2522,-6.00e-02,2.72e+01,
2523,-2.80e-02,2.56e+01,
2524,-4.00e-03,2.40e+01,
2525,2.80e-02,2.32e+01,
2526,5.20e-02,2.24e+01,
2527,6.80e-02,2.08e+01,
2528,8.40e-02,2.08e+01,
2529,1.00e-01,2.00e+01,
2530,1.16e-01,2.00e+01,
2531,1.24e-01,1.84e+01,
2532,1.24e-01,2.00e+01,
2533,1.24e-01,2.00e+01,
2534,1.24e-01,2.08e+01,
2535,1.16e-01,2.08e+01,
2536,1.08e-01,2.16e+01,
2537,9.20e-02,2.24e+01,
2538,7.60e-02,2.40e+01,
2539,5.20e-02,2.48e+01,
2540,2.80e-02,2.64e+01,
2541,4.00e-03,2.80e+01,
2542,-2.00e-02,2.96e+01,
2543,-5.20e-02,3.04e+01,
2544,-7.60e-02,3.28e+01,
2545,-1.00e-01,3.36e+01,
2546,-1.16e-01,3.44e+01,
2547,-1.32e-01,3.52e+01,
2548,-1.48e-01,3.60e+01,
2549,-1.64e-01,3.60e+01,
2550,-1.64e-01,3.60e+01,
2551,-1.64e-01,3.52e+01,
2552,-1.48e-01,3.44e+01,
2553,-1.40e-01,3.36e+01,
2554,-1.24e-01,3.12e+01,
2555,-1.00e-01,3.04e+01,
2556,-8.40e-02,2.88e+01,
2557,-6.00e-02,2.72e+01,
2558,-3.60e-02,2.64e+01,
2559,-1.20e-02,2.48e+01,
2560,1.20e-02,2.40e+01,
2561,3.60e-02,2.32e+01,
2562,5.20e-02,2.24e+01,
2563,6.80e-02,2.16e+01,
2564,8.40e-02,2.16e+01,
2565,9.20e-02,2.08e+01,
2566,1.00e-01,2.08e+01,
2567,1.08e-01,2.08e+01,
2568,1.08e-01,2.08e+01,
2569,1.00e-01,2.16e+01,
2570,1.00e-01,2.16e+01,
2571,9.20e-02,2.24e+01,
2572,7.60e-02,2.32e+01,
2573,6.00e-02,2.40e+01,
2574,4.40e-02,2.56e+01,
2575,2.80e-02,2.64e+01,
2576,4.00e-03,2.72e+01,
2577,-1.20e-02,2.88e+01,
2578,-3.60e-02,2.96e+01,
2579,-6.00e-02,3.04e+01,
2580,-7.60e-02,3.28e+01,
2581,-9.20e-02,3.36e+01,
2582,-1.08e-01,3.36e+01,
2583,-1.16e-01,3.44e+01,
2584,-1.24e-01,3.44e+01,
2585,-1.32e-01,3.44e+01,
2586,-1.24e-01,3.36e+01,
2587,-1.24e-01,3.36e+01,
2588,-1.16e-01,3.28e+01,
2589,-1.08e-01,3.12e+01,
2590,-9.20e-02,3.04e+01,
2591,-6.80e-02,2.88e+01,
2592,-5.20e-02,2.80e+01,
2593,-3.60e-02,2.72e+01,
2594,-2.00e-02,2.56e+01,
2595,4.00e-03,2.48e+01,
2596,2.00e-02,2.40e+01,
2597,3.60e-02,2.32e+01,
2598,5.20e-02,2.32e+01,
2599,6.00e-02,2.24e+01,
2600,6.80e-02,2.24e+01,
2601,7.60e-02,2.16e+01,
2602,8.40e-02,2.16e+01,
2603,8.40e-02,2.16e+01,
2604,8.40e-02,2.24e+01,
2605,7.60e-02,2.24e+01,
2606,7.60e-02,2.32e+01,
2607,6.80e-02,2.40e+01,
2608,5.20e-02,2.48e+01,
2609,3.60e-02,2.48e+01,
2610,2.80e-02,2.64e+01,
2611,4.00e-03,2.72e+01,
2612,-1.20e-02,2.80e+01,
2613,-2.80e-02,2.88e+01,
2614,-4.40e-02,2.96e+01,
2615,-6.00e-02,3.04e+01,
2616,-7.60e-02,3.12e+01,
2617,-8.40e-02,3.28e+01,
2618,-1.00e-01,3.28e+01,
2619,-1.08e-01,3.28e+01,
2620,-1.08e-01,3.28e+01,
2621,-1.08e-01,3.28e+01,
2622,-1.08e-01,3.28e+01,
2623,-1.00e-01,3.12e+01,
2624,-9.20e-02,3.04e+01,
2625,-8.40e-02,2.96e+01,
2626,-6.80e-02,2.88e+01,
2627,-5.20e-02,2.80e+01,
2628,-3.60e-02,2.72e+01,
2629,-2.00e-02,2.64e+01,
2630,-4.00e-03,2.56e+01,
2631,1.20e-02,2.48e+01,
2632,2.00e-02,2.40e+01,
2633,3.60e-02,2.40e+01,
2634,5.20e-02,2.32e+01,
2635,5.20e-02,2.32e+01,
2636,6.00e-02,2.32e+01,
2637,6.80e-02,2.24e+01,
2638,6.80e-02,2.32e+01,
2639,6.80e-02,2.32e+01,
2640,6.00e-02,2.32e+01,
2641,6.00e-02,2.32e+01,
2642,5.20e-02,2.40e+01,
2643,4.40e-02,2.48e+01,
2644,3.60e-02,2.56e+01,
2645,2.00e-02,2.64e+01,
2646,4.00e-03,2.72e+01,
2647,-4.00e-03,2.72e+01,
2648,-2.00e-02,2.88e+01,
2649,-3.60e-02,2.88e+01,
2650,-4.40e-02,2.96e+01,
2651,-6.00e-02,3.04e+01,
2652,-6.80e-02,3.12e+01,
2653,-7.60e-02,3.12e+01,
2654,-8.40e-02,3.12e+01,
2655,-8.40e-02,3.12e+01,
2656,-9.20e-02,3.12e+01,
2657,-9.20e-02,3.04e+01,
2658,-8.40e-02,3.04e+01,
2659,-7.60e-02,2.96e+01,
2660,-6.80e-02,2.96e+01,
2661,-6.00e-02,2.88e+01,
2662,-4.40e-02,2.80e+01,
2663,-3.60e-02,2.72e+01,
2664,-2.00e-02,2.64e+01,
2665,-1.20e-02,2.56e+01,
2666,4.00e-03,2.56e+01,
2667,1.20e-02,2.48e+01,
2668,2.80e-02,2.48e+01,
2669,3.60e-02,2.40e+01,
2670,4.40e-02,2.40e+01,
2671,5.20e-02,2.32e+01,
2672,5.20e-02,2.32e+01,
2673,5.20e-02,2.40e+01,
2674,5.20e-02,2.40e+01,
2675,5.20e-02,2.32e+01,
2676,4.40e-02,2.48e+01,
2677,4.40e-02,2.40e+01,
2678,3.60e-02,2.48e+01,
2679,2.80e-02,2.56e+01,
2680,2.00e-02,2.64e+01,
2681,4.00e-03,2.72e+01,
2682,-4.00e-03,2.72e+01,
2683,-1.20e-02,2.80e+01,
2684,-2.80e-02,2.88e+01,
2685,-4.40e-02,2.88e+01,
2686,-5.20e-02,2.96e+01,
2687,-6.00e-02,2.96e+01,
2688,-6.80e-02,3.04e+01,
2689,-6.80e-02,3.04e+01,
2690,-7.60e-02,3.04e+01,
2691,-7.60e-02,3.04e+01,
2692,-7.60e-02,3.04e+01,
2693,-7.60e-02,2.96e+01,
2694,-6.80e-02,2.96e+01,
2695,-6.00e-02,2.88e+01,
2696,-5.20e-02,2.88e+01,
2697,-4.40e-02,2.80e+01,
2698,-3.60e-02,2.72e+01,
2699,-2.00e-02,2.64e+01,
2700,-1.20e-02,2.64e+01,
2701,-4.00e-03,2.56e+01,
2702,4.00e-03,2.56e+01,
2703,2.00e-02,2.48e+01,
2704,2.00e-02,2.48e+01,
2705,2.80e-02,2.40e+01,
2706,3.60e-02,2.40e+01,
2707,4.40e-02,2.40e+01,
2708,4.40e-02,2.40e+01,
2709,4.40e-02,2.40e+01,
2710,4.40e-02,2.48e+01,
2711,4.40e-02,2.48e+01,
2712,3.60e-02,2.48e+01,
2713,2.80e-02,2.56e+01,
2714,2.00e-02,2.56e+01,
2715,1.20e-02,2.64e+01,
2716,4.00e-03,2.64e+01,
2717,-4.00e-03,2.72e+01,
2718,-1.20e-02,2.80e+01,
2719,-2.00e-02,2.80e+01,
2720,-3.60e-02,2.88e+01,
2721,-4.40e-02,2.88e+01,
2722,-4.40e-02,2.96e+01,
2723,-5.20e-02,2.96e+01,
2724,-6.00e-02,2.96e+01,
2725,-6.00e-02,2.96e+01,
2726,-6.00e-02,2.96e+01,
2727,-6.00e-02,2.96e+01,
2728,-6.00e-02,2.96e+01,
2729,-6.00e-02,2.88e+01,
2730,-5.20e-02,2.88e+01,
2731,-4.40e-02,2.80e+01,
2732,-4.40e-02,2.80e+01,
2733,-2.80e-02,2.72e+01,
2734,-2.00e-02,2.72e+01,
2735,-1.20e-02,2.64e+01,
2736,-4.00e-03,2.64e+01,
2737,4.00e-03,2.56e+01,
2738,1.20e-02,2.56e+01,
2739,1.20e-02,2.48e+01,
2740,2.00e-02,2.48e+01,
2741,2.80e-02,2.48e+01,
2742,2.80e-02,2.48e+01,
2743,3.60e-02,2.48e+01,
2744,3.60e-02,2.48e+01,
2745,3.60e-02,2.48e+01,
2746,3.60e-02,2.48e+01,
2747,2.80e-02,2.48e+01,
2748,2.80e-02,2.56e+01,
2749,2.00e-02,2.56e+01,
2750,1.20e-02,2.64e+01,
2751,4.00e-03,2.64e+01,
2752,-4.00e-03,2.72e+01,
2753,-1.20e-02,2.72e+01,
2754,-2.00e-02,2.80e+01,
2755,-2.80e-02,2.80e+01,
2756,-3.60e-02,2.88e+01,
2757,-3.60e-02,2.88e+01,
2758,-4.40e-02,2.96e+01,
2759,-4.40e-02,2.88e+01,
2760,-5.20e-02,2.96e+01,
2761,-5.20e-02,2.96e+01,
2762,-5.20e-02,2.96e+01,
2763,-5.20e-02,2.88e+01,
2764,-5.20e-02,2.88e+01,
2765,-4.40e-02,2.88e+01,
2766,-4.40e-02,2.80e+01,
2767,-3.60e-02,2.80e+01,
2768,-2.80e-02,2.72e+01,
2769,-2.00e-02,2.72e+01,
2770,-1.20e-02,2.64e+01,
2771,-1.20e-02,2.64e+01,
2772,-4.00e-03,2.64e+01,
2773,4.00e-03,2.56e+01,
2774,1.20e-02,2.56e+01,
2775,2.00e-02,2.48e+01,
2776,2.00e-02,2.48e+01,
2777,2.00e-02,2.48e+01,
2778,2.80e-02,2.48e+01,
2779,2.80e-02,2.48e+01,
2780,2.80e-02,2.56e+01,
2781,2.80e-02,2.48e+01,
2782,2.00e-02,2.56e+01,
2783,2.00e-02,2.56e+01,
2784,1.20e-02,2.64e+01,
2785,1.20e-02,2.64e+01,
2786,4.00e-03,2.72e+01,
2787,-4.00e-03,2.72e+01,
2788,-1.20e-02,2.72e+01,
2789,-1.20e-02,2.72e+01,
2790,-2.00e-02,2.80e+01,
2791,-2.80e-02,2.80e+01,
2792,-3.60e-02,2.88e+01,
2793,-3.60e-02,2.88e+01,
2794,-3.60e-02,2.88e+01,
2795,-4.40e-02,2.88e+01,
2796,-4.40e-02,2.88e+01,
2797,-4.40e-02,2.88e+01,
2798,-4.40e-02,2.88e+01,
2799,-4.40e-02,2.88e+01,
2800,-4.40e-02,2.80e+01,
2801,-3.60e-02,2.80e+01,
2802,-2.80e-02,2.80e+01,
2803,-2.80e-02,2.72e+01,
2804,-2.00e-02,2.72e+01,
2805,-1.20e-02,2.64e+01,
2806,-1.20e-02,2.64e+01,
2807,-4.00e-03,2.64e+01,
2808,4.00e-03,2.64e+01,
2809,4.00e-03,2.56e+01,
2810,1.20e-02,2.56e+01,
2811,1.20e-02,2.56e+01,
2812,2.00e-02,2.56e+01,
2813,2.00e-02,2.56e+01,
2814,2.00e-02,2.56e+01,
2815,2.00e-02,2.56e+01,
2816,2.00e-02,2.56e+01,
2817,2.00e-02,2.56e+01,
2818,1.20e-02,2.64e+01,
2819,1.20e-02,2.64e+01,
2820,4.00e-03,2.64e+01,
2821,4.00e-03,2.64e+01,
2822,-4.00e-03,2.72e+01,
2823,-1.20e-02,2.72e+01,
2824,-1.20e-02,2.72e+01,
2825,-2.00e-02,2.80e+01,
2826,-2.00e-02,2.80e+01,
2827,-2.80e-02,2.80e+01,
2828,-3.60e-02,2.88e+01,
2829,-3.60e-02,2.80e+01,
2830,-3.60e-02,2.88e+01,
2831,-3.60e-02,2.88e+01,
2832,-3.60e-02,2.88e+01,
2833,-3.60e-02,2.88e+01,
2834,-3.60e-02,2.80e+01,
2835,-3.60e-02,2.80e+01,
2836,-3.60e-02,2.80e+01,
2837,-2.80e-02,2.80e+01,
2838,-2.80e-02,2.72e+01,
2839,-2.00e-02,2.72e+01,
2840,-2.00e-02,2.72e+01,
2841,-1.20e-02,2.64e+01,
2842,-4.00e-03,2.64e+01,
2843,-4.00e-03,2.64e+01,
2844,4.00e-03,2.56e+01,
2845,4.00e-03,2.56e+01,
2846,4.00e-03,2.56e+01,
2847,1.20e-02,2.56e+01,
2848,1.20e-02,2.56e+01,
2849,1.20e-02,2.56e+01,
2850,1.20e-02,2.56e+01,
2851,1.20e-02,2.56e+01,
2852,1.20e-02,2.56e+01,
2853,1.20e-02,2.64e+01,
2854,4.00e-03,2.64e+01,
2855,4.00e-03,2.64e+01,
2856,4.00e-03,2.64e+01,
2857,-4.00e-03,2.72e+01,
2858,-4.00e-03,2.72e+01,
2859,-1.20e-02,2.72e+01,
2860,-2.00e-02,2.80e+01,
2861,-2.00e-02,2.80e+01,
2862,-2.00e-02,2.80e+01,
2863,-2.80e-02,2.80e+01,
2864,-2.80e-02,2.80e+01,
2865,-3.60e-02,2.80e+01,
2866,-3.60e-02,2.80e+01,
2867,-3.60e-02,2.80e+01,
2868,-3.60e-02,2.88e+01,
2869,-3.60e-02,2.80e+01,
2870,-2.80e-02,2.80e+01,
2871,-2.80e-02,2.80e+01,
2872,-2.80e-02,2.80e+01,
2873,-2.00e-02,2.72e+01,
2874,-2.00e-02,2.72e+01,
2875,-1.20e-02,2.72e+01,
2876,-1.20e-02,2.72e+01,
2877,-4.00e-03,2.64e+01,
2878,-4.00e-03,2.64e+01,
2879,4.00e-03,2.64e+01,
2880,4.00e-03,2.64e+01,
2881,4.00e-03,2.64e+01,
2882,1.20e-02,2.56e+01,
2883,1.20e-02,2.56e+01,
2884,1.20e-02,2.56e+01,
2885,1.20e-02,2.56e+01,
2886,1.20e-02,2.64e+01,
2887,1.20e-02,2.56e+01,
2888,1.20e-02,2.64e+01,
2889,4.00e-03,2.64e+01,
2890,4.00e-03,2.64e+01,
2891,4.00e-03,2.64e+01,
2892,-4.00e-03,2.72e+01,
2893,-4.00e-03,2.72e+01,
2894,-1.20e-02,2.72e+01,
2895,-1.20e-02,2.72e+01,
2896,-2.00e-02,2.80e+01,
2897,-2.00e-02,2.80e+01,
2898,-2.00e-02,2.80e+01,
2899,-2.80e-02,2.80e+01,
2900,-2.80e-02,2.80e+01,
2901,-2.80e-02,2.80e+01,
2902,-2.80e-02,2.80e+01,
2903,-2.80e-02,2.80e+01,
2904,-2.80e-02,2.80e+01,
2905,-2.80e-02,2.80e+01,
2906,-2.80e-02,2.80e+01,
2907,-2.00e-02,2.72e+01,
2908,-2.00e-02,2.72e+01,
2909,-2.00e-02,2.72e+01,
2910,-1.20e-02,2.72e+01,
2911,-1.20e-02,2.64e+01,
2912,-1.20e-02,2.64e+01,
2913,-4.00e-03,2.64e+01,
2914,-4.00e-03,2.64e+01,
2915,4.00e-03,2.64e+01,
2916,4.00e-03,2.64e+01,
2917,4.00e-03,2.64e+01,
2918,4.00e-03,2.64e+01,
2919,1.20e-02,2.56e+01,
2920,4.00e-03,2.64e+01,
2921,4.00e-03,2.64e+01,
2922,4.00e-03,2.64e+01,
2923,4.00e-03,2.64e+01,
2924,4.00e-03,2.64e+01,
2925,4.00e-03,2.64e+01,
2926,-4.00e-03,2.72e+01,
2927,-4.00e-03,2.64e+01,
2928,-4.00e-03,2.72e+01,
2929,-1.20e-02,2.72e+01,
2930,-1.20e-02,2.72e+01,
2931,-1.20e-02,2.72e+01,
2932,-2.00e-02,2.80e+01,
2933,-2.00e-02,2.72e+01,
2934,-2.00e-02,2.80e+01,
2935,-2.00e-02,2.80e+01,
2936,-2.80e-02,2.80e+01,
2937,-2.80e-02,2.80e+01,
2938,-2.00e-02,2.80e+01,
2939,-2.80e-02,2.80e+01,
2940,-2.00e-02,2.80e+01,
2941,-2.00e-02,2.72e+01,
2942,-2.00e-02,2.72e+01,
2943,-2.00e-02,2.72e+01,
2944,-2.00e-02,2.72e+01,
2945,-1.20e-02,2.72e+01,
2946,-1.20e-02,2.72e+01,
2947,-1.20e-02,2.64e+01,
2948,-4.00e-03,2.64e+01,
2949,-4.00e-03,2.64e+01,
2950,-4.00e-03,2.64e+01,
2951,4.00e-03,2.64e+01,
2952,4.00e-03,2.64e+01,
2953,4.00e-03,2.64e+01,
2954,4.00e-03,2.64e+01,
2955,4.00e-03,2.64e+01,
2956,4.00e-03,2.64e+01,
2957,4.00e-03,2.64e+01,
2958,4.00e-03,2.64e+01,
2959,4.00e-03,2.64e+01,
2960,-4.00e-03,2.64e+01,
2961,-4.00e-03,2.64e+01,
2962,-4.00e-03,2.72e+01,
2963,-4.00e-03,2.72e+01,
2964,-1.20e-02,2.72e+01,
2965,-1.20e-02,2.72e+01,
2966,-1.20e-02,2.72e+01,
2967,-1.20e-02,2.72e+01,
2968,-2.00e-02,2.80e+01,
2969,-2.00e-02,2.72e+01,
2970,-2.00e-02,2.80e+01,
2971,-2.00e-02,2.72e+01,
2972,-2.00e-02,2.80e+01,
2973,-2.00e-02,2.72e+01,
2974,-2.00e-02,2.80e+01,
2975,-2.00e-02,2.72e+01,
2976,-2.00e-02,2.72e+01,
2977,-2.00e-02,2.72e+01,
2978,-2.00e-02,2.72e+01,
2979,-1.20e-02,2.72e+01,
2980,-1.20e-02,2.72e+01,
2981,-1.20e-02,2.72e+01,
2982,-1.20e-02,2.72e+01,
2983,-4.00e-03,2.72e+01,
2984,-4.00e-03,2.64e+01,
2985,-4.00e-03,2.64e+01,
2986,-4.00e-03,2.64e+01,
2987,-4.00e-03,2.64e+01,
2988,4.00e-03,2.64e+01,
2989,4.00e-03,2.64e+01,
2990,4.00e-03,2.64e+01,
2991,4.00e-03,2.64e+01,
2992,4.00e-03,2.64e+01,
2993,4.00e-03,2.64e+01,
2994,4.00e-03,2.64e+01,
2995,-4.00e-03,2.64e+01,
2996,-4.00e-03,2.72e+01,
2997,-4.00e-03,2.64e+01,
2998,-4.00e-03,2.72e+01,
2999,-4.00e-03,2.72e+01,
